"교황, 민주콩고 청년들에 '더 나은 미래 만들라' 촉구(종합)",,,,,생활/문화,종교,Naver
웨스트민스터 신학대학원대 2023년 전기 신·편입생 추가 모집,,,,,생활/문화,종교,Naver
"“진화하는 신천지, 다시금 모략 포교에 나설 것”",,,,,생활/문화,종교,Naver
"""구하려면 멀어지고 구하지 않으면 눈앞에 있다""",,,,,생활/문화,종교,Naver
"'성소수자' 축도 이동환 목사, 교단 상대 '정직 2년' 무효 소송",,,,,생활/문화,종교,Naver
"미래목회포럼, ""엔데믹은 기회 아닌 위기 될 수도 있어""",,,,,생활/문화,종교,Naver
"아시아감리교협의회(AMC) 3년 만에 대면회의…""옳은 길 따라 협력하자""",,,,,생활/문화,종교,Naver
"조계종 사노위, 이태원 참사 100일 추모대회 참가 호소",,,,,생활/문화,종교,Naver
조계종 지리산 화엄사 조실 명선 스님 원적,,,,,생활/문화,종교,Naver
"프란치스코 교황, 민주콩고 청년들 만난다",,,,,생활/문화,종교,Naver
얘들아! ‘고고 바이블’과 함께 성경 1독 도전해 볼까?,,,,,생활/문화,종교,Naver
"엔데믹 시대의 목회 해법, 찾아가는 섬김 ‘디아코니아’",,,,,생활/문화,종교,Naver
평신도 깨우는 ‘제자훈련 세미나’ 120번째 닻 올린다,,,,,생활/문화,종교,Naver
이번에는 돼지수육…이슬람사원 반대 주민들 '국민잔치',,,,,생활/문화,종교,Naver
"1920명 참여한 동안거 5일 해제...""집착이 없는 마음 배워야""",,,,,생활/문화,종교,Naver
[미션톡]천안 예수상에 투자한 ‘피해자를 찾습니다’,,,,,생활/문화,종교,Naver
조계종 명예 원로의원 화엄사 조실 명선 스님 원적,,,,,생활/문화,종교,Naver
조계종 명예 원로의원 금성당 명선 대종사 원적,,,,,생활/문화,종교,Naver
이슬람 사원 앞 '돼지수육',,,,,생활/문화,종교,Naver
이슬람 사원 앞 '돼지수육',,,,,생활/문화,종교,Naver
이슬람 사원 공사장 앞에서 돼지수육,,,,,생활/문화,종교,Naver
이슬람 사원 공사장 앞에서 돼지수육,,,,,생활/문화,종교,Naver
이슬람 사원 공사장 앞에서 돼지수육,,,,,생활/문화,종교,Naver
이슬람 사원 건립 반대 기자회견,,,,,생활/문화,종교,Naver
이슬람 사원 건립 반대 기자회견,,,,,생활/문화,종교,Naver
바비큐 이어 돼지수육 잔치…끝나지 않는 대구 이슬람사원 갈등,,,,,생활/문화,종교,Naver
아시아 감리교회 지도자들 한국에 모였다,,,,,생활/문화,종교,Naver
괴로움에서 벗어나는 길...'수심결과 마음공부',,,,,생활/문화,종교,Naver
"용인시, 천주교 은이성지 진입로 4차로로 확장…내년 9월 완공",,,,,생활/문화,종교,Naver
2기 진실화해위 첫 현장 방문지는 ‘순교자 교회’였다,,,,,생활/문화,종교,Naver
"성파스님 ""구함이 없고 집착없는 마음 배워야""…동안거 해제법어",,,,,생활/문화,종교,Naver
선교사 변신한 리키 김 “함께 성경 읽읍시다”,,,,,생활/문화,종교,Naver
"방미 대만 입법원장 ""中압력 맞서 대만 민주주의 수호 중요""",,,,,생활/문화,종교,Naver
'괴로움'을 알고 소멸해 '행복'에 다가가는 방법…'수심결과 마음공부' [신간],,,,,생활/문화,종교,Naver
"교황, 민주콩고서 100만 인파 속 미사…""평화 위해 용서""",,,,,생활/문화,종교,Naver
‘한국 근대의학 선구자’ 에비슨 박사 동상 사진전,,,,,생활/문화,종교,Naver
"한국교회여성연합회, 내달 3일 ‘세계기도일예배’",,,,,생활/문화,종교,Naver
[오늘의 QT] 다른 세대,,,,,생활/문화,종교,Naver
“절반만 타당… 객관적 도덕 가치의 근원은 神”,,,,,생활/문화,종교,Naver
“가난한 주민들과 희로애락 함께했는데…”,,,,,생활/문화,종교,Naver
"[CBS논평] 환경문제, 더는 구호가 아니어야 - 조주희 목사",,,,,생활/문화,종교,Naver
김태성 목사 한국어린이부흥사협회 대표회장 선출,,,,,생활/문화,종교,Naver
동영상 플랫폼·메타버스 활용한 다음세대 사역 주목,,,,,생활/문화,종교,Naver
해인사 현응스님 직무정지 징계…정상화 길 걸을까,,,,,생활/문화,종교,Naver
'성추문 논란' 해인사 주지 현응스님 '직무정지 확정'…조계종 중앙징계위 의결,,,,,생활/문화,종교,Naver
“전기요·내복 받아 너무 감사”,,,,,생활/문화,종교,Naver
한국전쟁 종교인 희생자 실태조사 나섰다,,,,,생활/문화,종교,Naver
정순택 대주교의 훈시 듣는 수품자들,,,,,생활/문화,종교,Naver
사제서품식에서 입당하는 수품자들,,,,,생활/문화,종교,Naver
부복하는 수품자들,,,,,생활/문화,종교,Naver
2023 천주교 서울대교구 사제 서품식,,,,,생활/문화,종교,Naver
2023 천주교 서울대교구 사제 서품식,,,,,생활/문화,종교,Naver
2023 천주교 서울대교구 사제 서품식,,,,,생활/문화,종교,Naver
정순택 대주교의 훈시 듣는 수품자들,,,,,생활/문화,종교,Naver
"천주교 서울대교구, 사제 서품식 거행",,,,,생활/문화,종교,Naver
2023 천주교 서울대교구 사제 서품식,,,,,생활/문화,종교,Naver
사제 서품식에서 부복하는 수품자들,,,,,생활/문화,종교,Naver
2023 천주교 서울대교구 사제 서품식,,,,,생활/문화,종교,Naver
주교단에게 인수 받는 수품자들,,,,,생활/문화,종교,Naver
"채은하 한일장신대 총장, 이사회 맞서 무기한 금식기도",,,,,생활/문화,종교,Naver
천주교 서울대교구 사제 서품식,,,,,생활/문화,종교,Naver
천주교 서울대교구 사제 서품식,,,,,생활/문화,종교,Naver
천주교 서울대교구 사제 서품식,,,,,생활/문화,종교,Naver
"프란치스코 교황, '아픈 손가락' 남수단서 평화의 순례",,,,,생활/문화,종교,Naver
2023 천주교 서울대교구 사제 서품식,,,,,생활/문화,종교,Naver
2023 천주교 서울대교구 사제 서품식,,,,,생활/문화,종교,Naver
2023 천주교 서울대교구 사제 서품식,,,,,생활/문화,종교,Naver
"천주교 서울대교구, 사제 서품식 거행",,,,,생활/문화,종교,Naver
2023 천주교 서울대교구 사제 서품식,,,,,생활/문화,종교,Naver
2023 천주교 서울대교구 사제 서품식,,,,,생활/문화,종교,Naver
2023 천주교 서울대교구 사제 서품식,,,,,생활/문화,종교,Naver
2023 천주교 서울대교구 사제 서품식,,,,,생활/문화,종교,Naver
사제 서품식에서 부복하는 수품자들,,,,,생활/문화,종교,Naver
사제 서품식에서 훈시 듣는 수품자들,,,,,생활/문화,종교,Naver
정순택 대주교의 훈시 듣는 수품자들,,,,,생활/문화,종교,Naver
2023 천주교 서울대교구 사제 서품식,,,,,생활/문화,종교,Naver
"'음행' 논란 해인사 주지 '산문출송'...조계종, 직무정지 확정",,,,,생활/문화,종교,Naver
"천주교 서울대교구, 사제 서품식 개최",,,,,생활/문화,종교,Naver
"""사람 위해 임명된 것 기억하라""…천주교 서울대교구 사제 서품",,,,,생활/문화,종교,Naver
"서울YWCA, 제30대 회장에 조연신 ㈜코링텍 대표이사",,,,,생활/문화,종교,Naver
‘성추문’ 해인사 주지 현응스님 직무 정지 징계,,,,,생활/문화,종교,Naver
"AMC 아시아감독회의, ""프래이 포 아시아…""…코로나19로 침체된 아시아 교회 회복 기도",,,,,생활/문화,종교,Naver
"조계종, 해인사 주지 직무정지…""본분 벗어난 음행 논란""",,,,,생활/문화,종교,Naver
‘성추문’ 해인사 주지 현응스님 직무정지,,,,,생활/문화,종교,Naver
[한반도의 오늘] '조만식 설립' 北사민당…전원회의서 김정은 찬양 일색,,,,,생활/문화,종교,Naver
지난해 한국교회 주요 이슈는 신천지·목회자 범죄,,,,,생활/문화,종교,Naver
교계 “지상파가 기독교 폄훼·동성애 조장 노래 방송 허용” 규탄 집회,,,,,생활/문화,종교,Naver
"프란치스코 교황, 민주콩고 방문 마치고 남수단 향발",,,,,생활/문화,종교,Naver
고려 불상이 일본 소유라는 법원…조계종 “문화재 약탈 면죄부”,,,,,생활/문화,종교,Naver
"조계종 ""절도 '금동관음보살좌상' 소유권 일본?...약탈문화에 면죄부""",,,,,생활/문화,종교,Naver
"“미래시대 청년 금융·경영 공부해야... 세상 이끄는 리더, 교회에서 나오길”",,,,,생활/문화,종교,Naver
"권영세 ""北의 南 차단은 내부체제 문제 방증…불교계 도와달라""(종합)",,,,,생활/문화,종교,Naver
"조계종 '고려불상 소유권 日에' 2심판결 비판…""약탈에 면죄부""",,,,,생활/문화,종교,Naver
"한국교회언론회 “예수상 논란, 교회가 적극 대처하라”",,,,,생활/문화,종교,Naver
"""무사안녕을 비나이다""…제주 송당리 신과세제 봉행",,,,,생활/문화,종교,Naver
"조계종 ""약탈당한 금동관음보살좌상 日 소유권 인정 항소심 판결 유감""",,,,,생활/문화,종교,Naver
"한국이슬람연구소, 초급 아랍어 강좌 개설",,,,,생활/문화,종교,Naver
제주 송당리 본향당 '신과세제',,,,,생활/문화,종교,Naver
제주 송당리 본향당 '신과세제',,,,,생활/문화,종교,Naver
제주 송당리 본향당 '신과세제',,,,,생활/문화,종교,Naver
제주 송당리 본향당 '신과세제',,,,,생활/문화,종교,Naver
제주 송당리 본향당 '신과세제',,,,,생활/문화,종교,Naver
제주 송당리 본향당 '신과세제',,,,,생활/문화,종교,Naver
제주 송당리 본향당 '신과세제',,,,,생활/문화,종교,Naver
제주 송당리 본향당 '신과세제',,,,,생활/문화,종교,Naver
제주 신에게 바치는 정성,,,,,생활/문화,종교,Naver
제주 신에게 바치는 정성,,,,,생활/문화,종교,Naver
제주 신에게 바치는 정성,,,,,생활/문화,종교,Naver
제물 올리는 제주 송당리 주민들,,,,,생활/문화,종교,Naver
제물 올리는 제주 송당리 주민들,,,,,생활/문화,종교,Naver
제물 올리는 제주 송당리 주민들,,,,,생활/문화,종교,Naver
'액막이 기원' 제주 송당리 마을제 본향당굿 봉행,,,,,생활/문화,종교,Naver
"[미션리포트] 아프리카 작은 섬나라 '모리셔스', 지속 가능한 선교 필요",,,,,생활/문화,종교,Naver
"권영세 장관, 조계종 총무원장 진우스님 예방",,,,,생활/문화,종교,Naver
진우스님 예방한 권영세 장관,,,,,생활/문화,종교,Naver
진우스님 예방한 권영세 장관,,,,,생활/문화,종교,Naver
진우스님과 악수하는 권영세 장관,,,,,생활/문화,종교,Naver
"권영세 장관, 조계종 총무원장 진우스님 예방",,,,,생활/문화,종교,Naver
"권영세 ""北의 南 차단은 내부체제 문제 방증…불교계 도와달라""",,,,,생활/문화,종교,Naver
화엄사 조실 명선 스님 입적,,,,,생활/문화,종교,Naver
'국보법 위반' 추기경 등 홍콩민주인사 노벨평화상 후보로 추천,,,,,생활/문화,종교,Naver
"튀르키예, 여행경계령 등 내린 서방 9개국 대사 초치해 공식항의",,,,,생활/문화,종교,Naver
104세 철학자 김형석 교수의 신앙과 삶…'그리스도인으로 백년을' [신간],,,,,생활/문화,종교,Naver
"교회 분쟁 가장 큰 원인은 '재정 전횡'…""적법한 세칙 없어 문제""",,,,,생활/문화,종교,Naver
[새로 나온 책] 알리스터 맥그래스의 과학과 종교,,,,,생활/문화,종교,Naver
[새로 나온 책] 뜻이 땅에서 이룬 것 같이,,,,,생활/문화,종교,Naver
[새로 나온 책] 신앙이 예전 같지 않아,,,,,생활/문화,종교,Naver
[새로 나온 책] 복음 기초반,,,,,생활/문화,종교,Naver
[장애인과 함께하는 설교] 세상은 우리를 누구라 하느냐,,,,,생활/문화,종교,Naver
삐딱하게 과감하게… 평신도 고전학자의 성서 읽기,,,,,생활/문화,종교,Naver
[새로 나온 책] 나는 죽고 십자가로 하나되는 공동체 1~4,,,,,생활/문화,종교,Naver
[가정예배 365-2월 3일] 사랑엔 조건이 없습니다,,,,,생활/문화,종교,Naver
[겨자씨] 지도자,,,,,생활/문화,종교,Naver
[역경의 열매] 김영걸 (13) 소망하던 담임목사로 부임… 할머니와 아버지의 길 이어,,,,,생활/문화,종교,Naver
1세기 외부인의 시선으로 본다면… 예수는 선동가?,,,,,생활/문화,종교,Naver
[해외선교·성지순례 안전 기상도] 태국에선 개인 보조배터리 사용을,,,,,생활/문화,종교,Naver
복음에 합당한 삶으로 전도하기,,,,,생활/문화,종교,Naver
[오늘의 QT] 영혼육,,,,,생활/문화,종교,Naver
[저자와의 만남] 100권 책에서 뽑아올린 100가지 지혜의 문장,,,,,생활/문화,종교,Naver
2기 진실화해위 첫 현장 방문지는 ‘순교자 교회’였다,,,,,생활/문화,종교,Naver
“주님 고난 기억하듯 참전용사 은혜 잊지 말자”,,,,,생활/문화,종교,Naver
세종서 정월대보름 달집태우기,,,,,생활/문화,종교,Naver
3년 여 만에 실내 마스크 착용 의무 해제 맞은 첫 주일 표정,,,,,생활/문화,종교,Naver
섬돌향린교회 임보라 목사 3일 별세,,,,,생활/문화,종교,Naver
"""무기 내려놓고 용서하라"" 교황, 남수단 미사에서 화해 강조",,,,,생활/문화,종교,Naver
10.29 이태원 참사 100일 희생자 추모 미사,,,,,생활/문화,종교,Naver
이태원 참사 100일 희생자 추모와 생존자 유가족을 위로하는 미사,,,,,생활/문화,종교,Naver
이태원 참사 100일 맞아 열린 추모 미사,,,,,생활/문화,종교,Naver
이태원 참사 100일 추모 미사,,,,,생활/문화,종교,Naver
이태원 참사 100일 희생자 추모와 생존자 유가족을 위로하는 미사,,,,,생활/문화,종교,Naver
이태원 참사 100일 추모 미사,,,,,생활/문화,종교,Naver
이태원 참사 100일 맞아 열린 추모 미사,,,,,생활/문화,종교,Naver
10.29 이태원 참사 100일 희생자 추모 미사,,,,,생활/문화,종교,Naver
이태원 참사 100일 유가족 위로 미사,,,,,생활/문화,종교,Naver
‘성소수자 벗’ 임보라 목사 별세 소식에 인권·진보교계 ‘비통’···“혐오 없는 곳에서 편히 쉬시길”,,,,,생활/문화,종교,Naver
"'성 소수자 차별 반대' 임보라 목사, 별세…향년 55세",,,,,생활/문화,종교,Naver
"학원복음화인큐베이팅, 학원사역자 36명 첫 배출",,,,,생활/문화,종교,Naver
"""신성모독 내용 담겼다""…파키스탄, 위키피디아 접근 차단",,,,,생활/문화,종교,Naver
출애굽 여정 550㎞를 가다,,,,,생활/문화,종교,Naver
언제나 한발짝 앞서 ‘저항 현장’ 나섰던 임보라 목사 별세,,,,,생활/문화,종교,Naver
지구촌사랑의쌀나눔재단 안산1지부 발대식 & 사랑의 쌀독 개소식,,,,,생활/문화,종교,Naver
"문용자 권사, 국민의힘 중앙여성고문단 회장 연임",,,,,생활/문화,종교,Naver
'지리산 죽비' 구례 화엄사 명선 대종사 영결식 엄수,,,,,생활/문화,종교,Naver
'복지사찰 주지·호남불교 중흥' 구례 화엄사 조실 명선 스님 다비식,,,,,생활/문화,종교,Naver
불교성지순례 행사에 대해 브리핑하는 장재복 주인도대사,,,,,생활/문화,종교,Naver
인도·네팔서 약 40일간 1천167㎞ 걷는 불교 성지순례 개최,,,,,생활/문화,종교,Naver
"프란치스코 교황 ""보수파 일부, 베네딕토 16세 죽음 이용""",,,,,생활/문화,종교,Naver
"‘기독교 긍정’, 2년새 14%P‘쑥’…최다 보도 국민일보",,,,,생활/문화,종교,Naver
화엄사 조실 명선 스님 영결식 엄수,,,,,생활/문화,종교,Naver
"윤대통령 부부 신년대법회 참석 ""불교계, 사회의 등불""",,,,,생활/문화,종교,Naver
새로 나온 책 / '그리스도인으로 백년을' 외,,,,,생활/문화,종교,Naver
"기장, 제107회 선교정책협의회 개최…70주년 사업 계획 공유",,,,,생활/문화,종교,Naver
윤 대통령 부부 '불기 2567년 대한민국 불교도 신년대법회',,,,,생활/문화,종교,Naver
윤 대통령 부부 '불기 2567년 대한민국 불교도 신년대법회',,,,,생활/문화,종교,Naver
"서소문성지 역사박물관, 상반기 '수요 덩굴내 학당' 수강생 모집",,,,,생활/문화,종교,Naver
"새에덴교회, 정전 70주년 미국 참전용사·가족 50명 초청",,,,,생활/문화,종교,Naver
4년간 140㎞오가며 ‘드러머 꿈’ 키운 태양이는 누구?,,,,,생활/문화,종교,Naver
"경기도 기독교계, “헌법 벗어난 ‘성평등’ 용어, ‘양성평등’으로!”",,,,,생활/문화,종교,Naver
“그리운 고국에 왔지만 찜질방에 머물 수 밖에…”,,,,,생활/문화,종교,Naver
[미션톡]죽음 만연한 남수단 평화 순례가 주는 메시지,,,,,생활/문화,종교,Naver
"아프리카미래재단, 꿈이있는 아프리카 위한 업무협약",,,,,생활/문화,종교,Naver
"尹, 불교 신년대법회 첫 참석…""호국불교, 국민께 희망·용기""(종합)",,,,,생활/문화,종교,Naver
"새에덴교회, 17년 째 참전용사 보은 멈출수 없는 이유…""기억과 보은이 나라사랑""",,,,,생활/문화,종교,Naver
[이호영 교수의 ESG와 기독교-13] ESG경영을 통한 십일조 정신의 실천 사례 ① 유일한,,,,,생활/문화,종교,Naver
“남성 목회자 중심 한국교회... 다양성 존중하며 폭넓어져야”,,,,,생활/문화,종교,Naver
"소강석 목사 ""참전용사 마지막 한 분 살아계실 때까지 보은행사 열겠다""",,,,,생활/문화,종교,Naver
"윤석열 대통령 내외, 대한민국 불교도 신년대법회",,,,,생활/문화,종교,Naver
헌등하는 윤석열 대통령 내외,,,,,생활/문화,종교,Naver
신년법어 하는 조계종 총무원장 진우스님,,,,,생활/문화,종교,Naver
신년법어 하는 조계종 총무원장 진우스님,,,,,생활/문화,종교,Naver
신년법어 하는 조계종 총무원장 진우스님,,,,,생활/문화,종교,Naver
헌등하는 윤석열 대통령 내외,,,,,생활/문화,종교,Naver
불교도 신년대법회에서 축사하는 윤석열 대통령,,,,,생활/문화,종교,Naver
축사 앞두고 합장하는 윤석열 대통령,,,,,생활/문화,종교,Naver
불교도 신년대법회 참석한 윤석열 대통령과 김건희 여사,,,,,생활/문화,종교,Naver
불교도 신년대법회 참석한 윤석열 대통령과 김건희 여사,,,,,생활/문화,종교,Naver
불교도 신년대법회 참석한 윤석열 대통령과 김건희 여사,,,,,생활/문화,종교,Naver
"尹, 불교 신년대법회 첫 참석…""불교계, 사회의 따뜻한 등불""",,,,,생활/문화,종교,Naver
“지난 3년간 성장세 두드러진 교회 1곳에 최대 1억원 포상”,,,,,생활/문화,종교,Naver
"최성은 지구촌교회 목사, 미드웨스턴침례신학교 감사패 받아",,,,,생활/문화,종교,Naver
국민배우 김수미 “하나님 진작에 알았더라면…”,,,,,생활/문화,종교,Naver
[우리 교회 소식] 서울 광림교회,,,,,생활/문화,종교,Naver
[우리 교회 소식] 인천 숭의교회,,,,,생활/문화,종교,Naver
[우리 교회 소식] 경기도 안양감리교회,,,,,생활/문화,종교,Naver
[우리 교회 소식] 서울 사랑의교회,,,,,생활/문화,종교,Naver
[부활의 주를 만난 사람들] 악착같이 살다 주님과 동행하는 삶을 사는 것이 참 믿음임을 깨달아,,,,,생활/문화,종교,Naver
[부활의 주를 만난 사람들] 나만 알던 독불장군 회개하고 주님께 돌아와 공동체와 지체 섬기며 살아,,,,,생활/문화,종교,Naver
[우리 교회 소식] 부산 백양로교회,,,,,생활/문화,종교,Naver
[우리 교회 소식] 경남 거제 아주좋은교회,,,,,생활/문화,종교,Naver
[우리 교회 소식] 대전중부교회,,,,,생활/문화,종교,Naver
[우리 교회 소식] 광주광역시 광주반석교회,,,,,생활/문화,종교,Naver
[우리 교회 소식] 경기도 성남 우리들교회,,,,,생활/문화,종교,Naver
[우리 교회 소식] 전남 영광 법성교회,,,,,생활/문화,종교,Naver
[가정예배 365-2월 6일] 찬양의 사람,,,,,생활/문화,종교,Naver
"학원복음화인큐베이팅, 전문 사역자 36명 첫 배출",,,,,생활/문화,종교,Naver
[겨자씨] 최고의 만남,,,,,생활/문화,종교,Naver
[오늘의 설교] 마음으로 믿어 입으로 시인하는 믿음,,,,,생활/문화,종교,Naver
[오늘의 QT] 하나님의 돌이키심,,,,,생활/문화,종교,Naver
[박종순 목사의 신앙상담] 담임목회 10년 차인데 허약체질이라 운동을 하라는데,,,,,생활/문화,종교,Naver
“사업 성공보다 청지기의 삶 실천에 집중한다”,,,,,생활/문화,종교,Naver
"[튀르키예 강진] '100년 문화재' 한국 교회도 붕괴…""힘 모아 복구할 것""",,,,,생활/문화,종교,Naver
튀르키예 지진 피해 심각…기독교계도 지원 나서,,,,,생활/문화,종교,Naver
"""탄소 배출 함께 줄이자""…살림, 사순절 '탄소금식' 캠페인",,,,,생활/문화,종교,Naver
[영상] 강진으로 폭격받은 튀르키예·시리아…현지 교민 교회도 초토화,,,,,생활/문화,종교,Naver
"‘호주 최대’ 힐송교회, 12개월 만에 담임목사 찾았다",,,,,생활/문화,종교,Naver
학교법인 동국대학교 42대 이사장 돈관스님,,,,,생활/문화,종교,Naver
"가톨릭평화방송, 가톨릭 콘텐츠 OTT 'cpbc플러스' 출시",,,,,생활/문화,종교,Naver
동국대 새 이사장에 돈관스님,,,,,생활/문화,종교,Naver
한국기독교연합봉사단 튀르키예 긴급구호팀 급파,,,,,생활/문화,종교,Naver
튀르키예 안디옥 개신교회 붕괴….감리교 3만 달러 긴급 지원,,,,,생활/문화,종교,Naver
"조계종, '주지 음행' 논란 해인사 특별 감사 착수",,,,,생활/문화,종교,Naver
"한국교회 에큐메니칼 선교 겨울?….""청년들이 희망 안전한 대화공간 필요""",,,,,생활/문화,종교,Naver
팔공총림 동화사 제2대 방장에 회주 의현 큰스님,,,,,생활/문화,종교,Naver
"대구한의대, 맞춤형 콜드체인 관리 기술 개발",,,,,생활/문화,종교,Naver
“선생님 행복해야 아이들도 행복” 아동양육시설 선생님 위한 마음 처방전,,,,,생활/문화,종교,Naver
"CBS, 선교단체와 선교사에게 1억원 후원금 전달",,,,,생활/문화,종교,Naver
2023 한국교회부활절연합예배 4월 9일 영락교회,,,,,생활/문화,종교,Naver
"“만 나이 도입 되면 정년도 만 나이로” 기성, 목회자 정년 1년 늘어",,,,,생활/문화,종교,Naver
"[하나님의 Q sign #6] 치료하시는 하나님, 내 몸의 흔적들 2",,,,,생활/문화,종교,Naver
"월드비전, 지진 피해 튀르키예와 시리아에 1000만달러 지원",,,,,생활/문화,종교,Naver
사찰 불전함 부수고 1천900만원 훔친 20대 일당 구속,,,,,생활/문화,종교,Naver
"파키스탄, 위키피디아 차단 해제…총리 지시로 3일만에 번복",,,,,생활/문화,종교,Naver
조계종 '주지스님 음행 의혹' 해인사 특별감사,,,,,생활/문화,종교,Naver
지진으로 무너진 한국 선교사 파견 튀르키예 교회,,,,,생활/문화,종교,Naver
"옥스퍼드의 심장, 위클리프홀 암스트롱 국장 “한국교회와 협력 확대”",,,,,생활/문화,종교,Naver
"상월결사, '생명존중' 기치로 인도 대장정 오른다",,,,,생활/문화,종교,Naver
"1천167㎞ 인도 순례 앞둔 상월결사 ""국민 화합·단결 기원""",,,,,생활/문화,종교,Naver
“하나님이 가장 좋아하시는 기관이 되길”,,,,,생활/문화,종교,Naver
조계종 상월결사 인도 순례단 9일 출발,,,,,생활/문화,종교,Naver
불교 도보 순례 나서는 조계종 상월결사,,,,,생활/문화,종교,Naver
불교 도보 순례 나서는 조계종 상월결사,,,,,생활/문화,종교,Naver
"상월결사, 약 40일간 1천167㎞ 걷는 불교 성지순례 개최",,,,,생활/문화,종교,Naver
"상월결사, 약 40일간 1천167㎞ 걷는 불교 성지순례 개최",,,,,생활/문화,종교,Naver
"상월결사, 약 40일간 1천167㎞ 걷는 불교 성지순례 개최",,,,,생활/문화,종교,Naver
인도 도보 순례 취지는,,,,,생활/문화,종교,Naver
인도 도보 순례 취지는,,,,,생활/문화,종교,Naver
한-인도 수교 50주년 도보 순례 개최,,,,,생활/문화,종교,Naver
"상월결사, 약 40일간 1천167㎞ 걷는 불교 성지순례 개최",,,,,생활/문화,종교,Naver
대한불교조계종 '상월결사 인도 도보순례' 대변인 종호스님,,,,,생활/문화,종교,Naver
대한불교조계종 '상월결사 인도 도보순례' 순례단장 원명스님,,,,,생활/문화,종교,Naver
"한국교회, 튀르키예 긴급 구호 지원에 동참",,,,,생활/문화,종교,Naver
북기총 새 이사장에 강철호 목사,,,,,생활/문화,종교,Naver
"""가족과 연락 안 돼""…애타는 국내 튀르키예인들(종합)",,,,,생활/문화,종교,Naver
교회 간판·예배당 없는 '도서관교회',,,,,생활/문화,종교,Naver
"""지진 얘기만 꺼내도 눈물""…애타는 국내 튀르키예인들",,,,,생활/문화,종교,Naver
"황해도 출신 신여성, ‘조선의 성자’가 되다",,,,,생활/문화,종교,Naver
튀르키예 지진에 무너진 한인교회...감리교 3만 달러 지원,,,,,생활/문화,종교,Naver
"한교총 이영훈 대표회장 ""튀르키에에 깊은 위로...긴급 구호 활동 지원""",,,,,생활/문화,종교,Naver
고종이 러 황제에게 보낸 선물 127년 만에 공개,,,,,생활/문화,종교,Naver
"'봉은사 폭행' 승려 인도 순례 참가 논란…조계종 ""자진 철회했다""",,,,,생활/문화,종교,Naver
성결교단 총회장 총출동 “나쁜 차별금지법 반대”,,,,,생활/문화,종교,Naver
"[튀르키예 강진] 천태종, 튀르키예 지진 성금 모금",,,,,생활/문화,종교,Naver
"""아버지 안된다""…영국 성공회, 하느님 '성중립 호칭' 검토",,,,,생활/문화,종교,Naver
"“그림이 주인, 글은 종” 김병종 화백의 영혼 순례기",,,,,생활/문화,종교,Naver
"김의장 ""어려울 때일수록 화쟁 정신으로 화합…위기를 기회로""",,,,,생활/문화,종교,Naver
"인도 성지순례에 '봉은사 폭행' 승려 합류 논란…조계종 ""자진철회""(종합)",,,,,생활/문화,종교,Naver
"기아대책, 튀르키예 대지진 피해복구 긴급구호팀 급파",,,,,생활/문화,종교,Naver
"장병들 사기 고취, 해군교육사의 ‘푸드트럭’",,,,,생활/문화,종교,Naver
"서울시청 앞 이태원 참사 합동분향소 추모 기도회…""손바닥으로 하늘을 가릴수 없어"" 울분",,,,,생활/문화,종교,Naver
[취재후기]‘천안 예수상’ 관계자 모두 ‘모르쇠’ 발뺌,,,,,생활/문화,종교,Naver
"건국대 의과대 한예은 학생, ‘한빛사’논문 연속등재",,,,,생활/문화,종교,Naver
조계종 인도 성지순례 출발 전부터 '휘청'…'봉은사 폭행' 승려도 합류,,,,,생활/문화,종교,Naver
"제주 고행선 큰심방 무구 자료, 민속자연사박물관에 기증",,,,,생활/문화,종교,Naver
제주 고행선 큰심방 무구 자료 민속자연사박물관에 기증,,,,,생활/문화,종교,Naver
"이영훈 한교총 대표회장 ""튀르키예에 깊은 위로…봉사단 긴급구호 활동""",,,,,생활/문화,종교,Naver
[김국애 원장의 미용 에세이] 그리운 권사님,,,,,생활/문화,종교,Naver
"굿피플, 튀르키예 강진 피해 지역 위해 긴급구호 모금 전개",,,,,생활/문화,종교,Naver
'성추문 의혹' 해인사 특별감사 착수…조계종 종무원 14명 파견,,,,,생활/문화,종교,Naver
“집이 무너져 차에서 지내는 사람이 많아요. 옷과 음식이 필요해요”,,,,,생활/문화,종교,Naver
"CBS, 선교단체·해외선교사 6명에게 1억 후원금 전달",,,,,생활/문화,종교,Naver
팔공총림 차기 방장에 의현 스님 선출,,,,,생활/문화,종교,Naver
국장협 ‘찾아가는 장애인 문화예술학교 엘리트 오디션’ 모집,,,,,생활/문화,종교,Naver
"WEM, 정판수 감독 취임·김인순 목사 이임예배",,,,,생활/문화,종교,Naver
"조계종, 현응스님 음행 의혹 등 해인사 특별감사",,,,,생활/문화,종교,Naver
"경기도의회, 찬반 논란 '성평등→양성평등' 조례안 상정 않기로",,,,,생활/문화,종교,Naver
"‘믿음의 수감자’ 위한 편지폭탄 작전, 북송 위기 막았다",,,,,생활/문화,종교,Naver
"튀르키예 대지진에 안타키아 한인교회 붕괴…""현지 선교사들 구조활동 중""",,,,,생활/문화,종교,Naver
AI가 만든 ‘3분 카레’ 설교에 대한 3가지 시선,,,,,생활/문화,종교,Naver
[가정예배 365-2월 8일] 말씀의 훈련을 받으라,,,,,생활/문화,종교,Naver
[오늘의 QT] 기도,,,,,생활/문화,종교,Naver
"[튀르키예 강진] 교황 ""증오 멈추고 튀르키예·시리아 돕자"" 호소",,,,,생활/문화,종교,Naver
[미션리포트] '최악 강진 피해' 튀르키예… 조건없는 인도주의적 사랑 절실,,,,,생활/문화,종교,Naver
"청년신학아카데미, ""오늘의 현실을 담는 실천적 설교로 나아가야""",,,,,생활/문화,종교,Naver
“예루살렘에서도 통일 기도 이어진다” 예루살렘쥬빌리 발족,,,,,생활/문화,종교,Naver
"기윤실, 3년 만에 대면 총회…가짜뉴스 대응팀 신설키로",,,,,생활/문화,종교,Naver
[포토]기독교문화대상 받는 강덕영 한국유나이티드제약 대표,,,,,생활/문화,종교,Naver
"[튀르키예 강진] 한국 종교계 ""깊은 위로""…성금 모금 '한뜻'(종합)",,,,,생활/문화,종교,Naver
"명진 스님 ""승적 박탈 무효""...조계종에 5억 소송 제기",,,,,생활/문화,종교,Naver
명진 스님 “2017년 승적 박탈은 근거없는 정치적 징계”,,,,,생활/문화,종교,Naver
1초에 3억짜리 슈퍼볼에 첫 기독교 복음 광고 실린다,,,,,생활/문화,종교,Naver
총신대 총장 후보 5명 확정…최종 선출은 4월 11일 이사회,,,,,생활/문화,종교,Naver
"조계종 사회복지재단, 튀르키예･시리아 이재민 돕기 모금",,,,,생활/문화,종교,Naver
"기도회로 만난 여야 기독의원들…""오직 나 때문이라는 철저한 회개 필요""",,,,,생활/문화,종교,Naver
"채은하 한일장신대 총장, 금식기도 중 병원 이송",,,,,생활/문화,종교,Naver
"천주교주교회의 의장, 대지진 튀르키예·시리아에 애도 서한",,,,,생활/문화,종교,Naver
대구 동화사 방장에 서의현 스님 추대…승적 복권에 비판도,,,,,생활/문화,종교,Naver
"한국 종교계도 튀르키예 지원금 모금…""깊은 위로""",,,,,생활/문화,종교,Naver
"명진스님 ""승적 박탈 무효"" 주장하며 조계종 상대 소송",,,,,생활/문화,종교,Naver
"범어사 성보박물관, 학술도록 '범어사 대웅전' 발간",,,,,생활/문화,종교,Naver
"범어사 성보박물관, 학술도록 '범어사 대웅전' 발간",,,,,생활/문화,종교,Naver
"범어사 성보박물관, 학술도록 '범어사 대웅전' 발간",,,,,생활/문화,종교,Naver
"'하느님 아버지'는 성차별적? …英성공회, 중립 호칭 검토",,,,,생활/문화,종교,Naver
조계종 상대로 소송하는 명진스님,,,,,생활/문화,종교,Naver
간담회하는 명진스님…승적 박탈 취소 요구 소송,,,,,생활/문화,종교,Naver
간담회하는 명진스님…승적 박탈 취소 요구 소송,,,,,생활/문화,종교,Naver
우리나라 발명품 ‘방콕 지식재산 전시회’서 33개 상 휩쓸어,,,,,생활/문화,종교,Naver
"천안시, '한국기독교기념관 건축 실체 없어' 주의 당부",,,,,생활/문화,종교,Naver
"백석대 신학교육원, 2월 28일까지 신입생 모집",,,,,생활/문화,종교,Naver
자폐 극복하고 꿈 펼치는 이태양 씨,,,,,생활/문화,종교,Naver
예수상·기독 테마파크 허가 ‘제로’…천안시 투자주의보,,,,,생활/문화,종교,Naver
"명진 스님, 제적 철회 소송 기자간담회",,,,,생활/문화,종교,Naver
명진 스님 제적 철회 소송 기자간담회,,,,,생활/문화,종교,Naver
"명진 스님, 제적 철회 소송 기자간담회",,,,,생활/문화,종교,Naver
제적 철회 소송 기자간담회 갖는 명진 스님,,,,,생활/문화,종교,Naver
기자간담회 갖는 명진 스님,,,,,생활/문화,종교,Naver
명진 스님 제적 철회 징계 무효 소송 기자간담회,,,,,생활/문화,종교,Naver
발언하는 명진스님,,,,,생활/문화,종교,Naver
탈북민 최초 신학박사 탄생 “통일 한반도에서 예비 목회자 키우고파”,,,,,생활/문화,종교,Naver
"“차금법, 화려함 속에 독을 숨긴 독버섯 같은 법”",,,,,생활/문화,종교,Naver
“한 명이라도 더 구해야” 튀르키예·시리아 구호활동 본격화,,,,,생활/문화,종교,Naver
"검찰, 법주사 도박 승려 7명 약식기소",,,,,생활/문화,종교,Naver
혜민 스님 “10년간 10억 기부가 목표”,,,,,생활/문화,종교,Naver
"[튀르키예 강진] 한국 종교계 ""깊은 위로""…지원금 모금",,,,,생활/문화,종교,Naver
"검찰, 법주사 도박 물의 빚은 승려 7명 벌금형",,,,,생활/문화,종교,Naver
"""하나님 어머니? 하나님 어버이?""…英성공회 '아버지·그' 대체표현 검토",,,,,생활/문화,종교,Naver
"천주교주교회의, '평화와 화해' 교육 영상 배포",,,,,생활/문화,종교,Naver
"조계종 스님들, 인도·네팔 성지순례 1천167㎞ 대장정 시작",,,,,생활/문화,종교,Naver
"상월결사 인도순례 고불식…""1167km 순례 전인미답의 일""",,,,,생활/문화,종교,Naver
개신교·불교·천주교 등 종교계 한마음…튀르키예 구호 지원,,,,,생활/문화,종교,Naver
"상월결사 인도 순례단, 환송 받으며 출발",,,,,생활/문화,종교,Naver
43일간 1167㎞ 인도·네팔 불교 성지 걷는 '인도순례',,,,,생활/문화,종교,Naver
"상월결사, 부처님따라 43일간 인도도보순례 나선다",,,,,생활/문화,종교,Naver
"상월결사, 부처님따라 43일간 인도도보순례 나선다",,,,,생활/문화,종교,Naver
1천키로 붓다의 길 걷는다,,,,,생활/문화,종교,Naver
"상월결사, 인도 순례 대장정 시작",,,,,생활/문화,종교,Naver
합장하는 인도 순례단,,,,,생활/문화,종교,Naver
상월결사 인도순례단 고불식 참석한 종정 예하,,,,,생활/문화,종교,Naver
상월결사 인도순례 고불식,,,,,생활/문화,종교,Naver
환송사 하는 조계종 총무원장 진우스님,,,,,생활/문화,종교,Naver
‘위험에 빠진 어린이 구하라’ 게임으로 전쟁의 참상 경험,,,,,생활/문화,종교,Naver
인도순례 부처님과 함께 걷다,,,,,생활/문화,종교,Naver
인도순례 떠나는 자승스님,,,,,생활/문화,종교,Naver
"상월결사, 부처님따라 43일간 인도순례 나선다",,,,,생활/문화,종교,Naver
상월결사 인도순례 고불식,,,,,생활/문화,종교,Naver
합장하는 인도순례단,,,,,생활/문화,종교,Naver
"상월결사, '생명존중' 기치로 인도 대장정 오른다",,,,,생활/문화,종교,Naver
"상월결사, '생명존중' 기치로 인도 대장정 오른다",,,,,생활/문화,종교,Naver
"""1천키로 붓다의 길을 걸어서""…상월결사, 인도 순례 대장정",,,,,생활/문화,종교,Naver
상월결사 인도순례 대장정 시작,,,,,생활/문화,종교,Naver
조계사에서 거행된 상월결사 인도순례 고불식,,,,,생활/문화,종교,Naver
[가정예배 365-2월 9일] 고통의 이유,,,,,생활/문화,종교,Naver
핍박 받는 수감자에 편지쓰기… 북송 위기 탈북민 생명 살렸다,,,,,생활/문화,종교,Naver
5000만 국민에게 복음 전할 때까지… ‘전도할 결심’,,,,,생활/문화,종교,Naver
[겨자씨] 새활용 제품,,,,,생활/문화,종교,Naver
[오늘의 설교] 하나님 이야기,,,,,생활/문화,종교,Naver
강진 피해 튀르키예에 성금 보내기로,,,,,생활/문화,종교,Naver
"“볼모로 있던 큰아들 런던 유학, 탈북과 정착… 모든 것이 은혜였다”",,,,,생활/문화,종교,Naver
케냐 성경 읽기 ‘바람’… 빈민촌 학생·재소자에게 희망이 되다,,,,,생활/문화,종교,Naver
[역경의 열매] 정근 (1) “한국교회와 기독교인이 ‘세상의 빛과 소금’ 돼야”,,,,,생활/문화,종교,Naver
[오늘의 QT] 찬양,,,,,생활/문화,종교,Naver
튀르키예 현지 구호활동,,,,,생활/문화,종교,Naver
튀르키예 현지 구호활동,,,,,생활/문화,종교,Naver
튀르키예 현지 구호활동,,,,,생활/문화,종교,Naver
튀르키예 현지 구호활동,,,,,생활/문화,종교,Naver
튀르키예 현지 구호활동,,,,,생활/문화,종교,Naver
튀르키예 현지 구호활동,,,,,생활/문화,종교,Naver
튀르키예 현지 구호활동,,,,,생활/문화,종교,Naver
[CBS논평] 지진 피해를 입은 튀르키예를 도웁시다! - 지형은 목사,,,,,생활/문화,종교,Naver
"""성경은 2천 년 동안 바뀌지 않았다"" 신천지 탈퇴자 위한 무료 세미나",,,,,생활/문화,종교,Naver
"기장, 제3차 사회선교사 임명…4人 신규 파송",,,,,생활/문화,종교,Naver
40년 간 인형극으로 가정 회복·복음 전파,,,,,생활/문화,종교,Naver
"""실낱 같은 희망으로 무너진 건물 못 떠나"" 한인 선교사들 구조대 도와",,,,,생활/문화,종교,Naver
"극동PK장학재단, 62명 장학금… “꿈·소망 이루길”",,,,,생활/문화,종교,Naver
"성균관 유림, 튀르키에 참사 애도…구호 지원 호소",,,,,생활/문화,종교,Naver
"AWMJ, 팔레스타인서 200번째 국가 선교 기념대회",,,,,생활/문화,종교,Naver
"한국복음주의협, ""신학 교육 위기 타개하기 위해서는…""",,,,,생활/문화,종교,Naver
"불교인권위 ""베트남전 피해자 가족 명예 회복 아픔 치유되길""",,,,,생활/문화,종교,Naver
[기자의 눈] 갈라선 도반…'이판' 명진스님과 '사판' 자승스님,,,,,생활/문화,종교,Naver
“지진 피해자 찢긴 마음에 하나님 위로 함께 하길”,,,,,생활/문화,종교,Naver
“마음이 아플 땐 ‘구약’ ‘신약’ 어때요” 참신한 아이디어로 전도 ‘하면 된다’,,,,,생활/문화,종교,Naver
"기독교문화예술원, 제33회 기독교문화대상 시상식 개최",,,,,생활/문화,종교,Naver
백석대·베트남 하노이폴리텍대 학술교류 협정 체결,,,,,생활/문화,종교,Naver
"지미션, ‘홀로 된 사모’ 위한 후원 캠페인",,,,,생활/문화,종교,Naver
"부산항만공사, 함부르크항만공사와 항만물류 혁신기술 온라인 교류",,,,,생활/문화,종교,Naver
"이영훈 목사 ""올해 평양심장병원 건립 공사 재개 노력""",,,,,생활/문화,종교,Naver
"6개 지자체, 건국대 ‘대한민국 건강고령친화도시 정책 대상’ 선정",,,,,생활/문화,종교,Naver
"불교인권위, '베트남전 민간인학살 韓정부 배상' 판결에 ""환영""",,,,,생활/문화,종교,Naver
"한국기독교영풍회, 20~25일 축복대성회",,,,,생활/문화,종교,Naver
"서울기독교연합회, 김봉준 목사 대표회장 취임",,,,,생활/문화,종교,Naver
"밀알나눔재단, ‘기빙플러스 당산역점’ 개점",,,,,생활/문화,종교,Naver
“연내 북한 평양심장병원 건립 공사 재개 목표”,,,,,생활/문화,종교,Naver
"이하늬 “미스코리아도, 극한직업도 모두 그분이 하셨다”",,,,,생활/문화,종교,Naver
"명진스님 ""허위사실에 기초한 보복 징계""…승적박탈 무효 소송",,,,,생활/문화,종교,Naver
[새로 나온 책] 마이클 리브스의 칭의를 누리다,,,,,생활/문화,종교,Naver
[새로 나온 책] 평생의 순례자,,,,,생활/문화,종교,Naver
[새로 나온 책] 우리 안에 계시며 우리 곁에 계신 말씀,,,,,생활/문화,종교,Naver
[새로 나온 책] 누군가의 천로역정,,,,,생활/문화,종교,Naver
[새로 나온 책] 방애인의 삶과 영성,,,,,생활/문화,종교,Naver
[겨자씨] 눈으로 보는 자,,,,,생활/문화,종교,Naver
[저자와의 만남] 곤고한 날에 펼쳐보고 삶을 감사로 채우자,,,,,생활/문화,종교,Naver
포르투갈 가톨릭 아동 성학대 피해자 지난 70년간 최소 4천815명,,,,,생활/문화,종교,Naver
"""배달일로 버텼다""…'팬데믹 타격' 문화 사역자 위로하는 아티스트 개더링",,,,,생활/문화,종교,Naver
‘포로들의 성자’ 故 맹의순 한신대 명예졸업장 받는다,,,,,생활/문화,종교,Naver
"남재영 목사, 노조법 개정 촉구하며 금식 기도 시작",,,,,생활/문화,종교,Naver
"NCCK 정의·평화위, 노란봉투법 입법 촉구 단식 기도 돌입",,,,,생활/문화,종교,Naver
NCCK 정의평화위 '노란봉투법' 입법 촉구 단식기도,,,,,생활/문화,종교,Naver
18년 軍선교 매진 ‘강희승 장군’ 이야기,,,,,생활/문화,종교,Naver
"화순전남대병원-천주교 광주대교구, 환자 3명 의료비 지원",,,,,생활/문화,종교,Naver
가나안성도 다시 교회로…팀켈러목사 변증교육센터 출범,,,,,생활/문화,종교,Naver
“나라에 바칠 목숨 오직 하나 밖에 없음이 슬픔”…유관순 열사 순국 103주기 나라사랑 콘서트,,,,,생활/문화,종교,Naver
"세계종교평화협 “종교치유순례 사업, 광주업체 선정 경위 밝혀야”",,,,,생활/문화,종교,Naver
"대만행 무산 中조문단 자국서 싱윈법사 추모…""통일 추진"" 강조",,,,,생활/문화,종교,Naver
“건물은 무너졌지만 성도들의 신앙은 무너지지 않았다”,,,,,생활/문화,종교,Naver
햇살처럼 온유한 마음으로 삶의 기쁨과 희망 찾기…'더 썬샤인 마인드' [글로벌 신간],,,,,생활/문화,종교,Naver
튀르키예 대사관 방문한 조계종,,,,,생활/문화,종교,Naver
튀르키예 대사관 방문한 조계종,,,,,생활/문화,종교,Naver
"대한불교조계종, 튀르키예 지진 희생자 조문",,,,,생활/문화,종교,Naver
"대한불교조계종, 튀르키예 지진 희생자 조문",,,,,생활/문화,종교,Naver
"조계종, 튀르키예에 성금 2억원 전달",,,,,생활/문화,종교,Naver
"조계종, 튀르키예에 성금 2억원 전달",,,,,생활/문화,종교,Naver
"조계종, 튀르키예에 성금 2억원 전달",,,,,생활/문화,종교,Naver
"불자들·교인들 온정..종교계, 튀르키예·시리아에 성금 전달",,,,,생활/문화,종교,Naver
조계종 주지협회장 '시한부 기소중지'…'법주사 상습도박 방조·해외원정 도박' 혐의,,,,,생활/문화,종교,Naver
조계종 구호금 2억원 전달…튀르키예대사관 13일 방문,,,,,생활/문화,종교,Naver
"불교인권위 ""베트남전 피해자와 가족, 명예 회복하고 아픔 치유되길""",,,,,생활/문화,종교,Naver
NCCK 튀르키예·시리아 재난구호 모금 시작…현지 교회 중심으로 지원 사역,,,,,생활/문화,종교,Naver
여의도순복음교회·튀르키예 피해 복구에 동참…구호금 10억원 긴급지원,,,,,생활/문화,종교,Naver
[부활의 주를 만난 사람들] 안정된 수입과 여유로운 시간 속 자리 잡은 불안감 공동체와 함께 이겨내고 천국 소망하는 삶 살게 돼,,,,,생활/문화,종교,Naver
[부활의 주를 만난 사람들] 서로 주인 되어 만나면 피 터지게 싸우는 쌈닭커플 부활 믿고 주님만 섬기는 잉꼬부부로 다시 태어나,,,,,생활/문화,종교,Naver
[우리 교회 소식] 서울 시냇가푸른나무교회,,,,,생활/문화,종교,Naver
[우리 교회 소식] 경남 김해교회,,,,,생활/문화,종교,Naver
[우리 교회 소식] 부산 포도원교회,,,,,생활/문화,종교,Naver
[우리 교회 소식] 대구평강교회,,,,,생활/문화,종교,Naver
[우리 교회 소식] 경기도 성남 지구촌교회,,,,,생활/문화,종교,Naver
[우리 교회 소식] 전북 전주 해피드리머스교회,,,,,생활/문화,종교,Naver
[우리 교회 소식] 서울 서초구 남서울교회,,,,,생활/문화,종교,Naver
[우리 교회 소식] 경북 구미시민교회,,,,,생활/문화,종교,Naver
[우리 교회 소식] 부산제일교회,,,,,생활/문화,종교,Naver
[우리 교회 소식] 경북 포항제일교회,,,,,생활/문화,종교,Naver
[가정예배 365-2월 13일] 누가 정죄하리요,,,,,생활/문화,종교,Naver
개그맨 출신 목회자 박병득 목사 경기 광주예수기쁨교회 개척,,,,,생활/문화,종교,Naver
"“가짜뉴스로 기도할 뻔…” 재난 악용, 모금 유도하는 가짜뉴스 주의",,,,,생활/문화,종교,Naver
‘부르심의 한 소망‘…2023 동계 캠퍼스 선교전략 콘퍼런스,,,,,생활/문화,종교,Naver
"""전쟁을 끝내고 평화로""…정전 70년 한반도 평화행동 출범",,,,,생활/문화,종교,Naver
"[나의 삶, 나의 신앙]원우현(2)서슬 퍼런 ‘서울의 봄’…대규모 집회 예고 戰雲 감돌아",,,,,생활/문화,종교,Naver
“사장님이 목사님이셔?”…이웃사랑 위해 간판 뗀 교회,,,,,생활/문화,종교,Naver
"개신교계, 연합기관에서 교단·개교회까지 ""튀르키예·시리아 아픔 동참""",,,,,생활/문화,종교,Naver
"침례교, 미자립교회에 난방비 1억 3700만원 지원",,,,,생활/문화,종교,Naver
"굿피플, 르완다 난민캠프에 저공해 대안에너지 지원",,,,,생활/문화,종교,Naver
예장 고신·대신·합신 총회 임원 연합기도회,,,,,생활/문화,종교,Naver
한국교총 4월 9일 '부활절 퍼레이드',,,,,생활/문화,종교,Naver
뮤지컬 루쓰 ‘사랑은 아름다워’ 뮤직비디오·음원 공개,,,,,생활/문화,종교,Naver
서울시청기독선교회 회장에 안금희 씨,,,,,생활/문화,종교,Naver
"한국기독교교회협의회, ""노조법 2, 3조 개정은 시대 요구이자 국회 책무""",,,,,생활/문화,종교,Naver
한기총 새 대표회장에 정서영 목사…직무대행 체제 종료 전망,,,,,생활/문화,종교,Naver
"달성군, 국립근대미술관 유치 위한 학술세미나 개최",,,,,생활/문화,종교,Naver
월정사 팔각 구층석탑 점검하는 최응천 문화재청장,,,,,생활/문화,종교,Naver
환담하는 최응천 문화재청장과 정념스님,,,,,생활/문화,종교,Naver
재개관 준비 중인 전시관 살펴보는 최응천 문화재청장,,,,,생활/문화,종교,Naver
"어서와, 개척 일기는 처음이지? “Y 이야기 들려줄게”",,,,,생활/문화,종교,Naver
"개척자 비긴즈[EP1] 농부, 거칠고 마른 땅을 보다",,,,,생활/문화,종교,Naver
"'인분 먹이기' 논란 김명진 목사 징역 2년 선고…""담임목사 알면서도 방조""",,,,,생활/문화,종교,Naver
"한교연, 튀르키예 이재민 돕기 헌금 모금",,,,,생활/문화,종교,Naver
CGNTV ‘퐁당’ 가입자 11만 돌파 기념 2주년 이벤트,,,,,생활/문화,종교,Naver
“윤 정부 ‘군비 경쟁’ 멈춰야... 전쟁 위험 없는 한반도 만들자” ‘정전 70년 한반도 평화행동’ 출범,,,,,생활/문화,종교,Naver
[게시판] 대한성공회 튀르키예·시리아 강진 피해 지원 모금,,,,,생활/문화,종교,Naver
"한국일본학회, ‘반혐오의 실천적 연대’ 국제학술대회 개최",,,,,생활/문화,종교,Naver
"한국·독일 교회의 공통 관심사는? ""평화·인권·생태""…한·독교회협의회 16일 개막",,,,,생활/문화,종교,Naver
'노조법 2·3조 개정하라' 구호 외치는 참석자들,,,,,생활/문화,종교,Naver
'노조법 2·3조 개정하라' 구호 외치는 참석자들,,,,,생활/문화,종교,Naver
"한국기독교교회협의회, 노조법 2·3조 개정 촉구 기자회견",,,,,생활/문화,종교,Naver
"한국기독교교회협의회, 노조법 2·3조 개정 촉구 기자회견",,,,,생활/문화,종교,Naver
"한국기독교교회협의회, 노조법 2·3조 개정 촉구 기자회견",,,,,생활/문화,종교,Naver
"한국교회, 한마음으로 튀르키예-시리아 지진 피해 지원",,,,,생활/문화,종교,Naver
"NCCK, '한독교회협의회' 12년 만에 대면 개최",,,,,생활/문화,종교,Naver
천주교 서울대교구 춘천·원주교구 공소 사제 3명 파견,,,,,생활/문화,종교,Naver
"AWMJ, 내달 200번째 ‘국가 선교사역 기념대회’",,,,,생활/문화,종교,Naver
[가정예배 365-2월 14일] 진짜 그리스도인,,,,,생활/문화,종교,Naver
“세상이 꺼리는 일 하자”… ‘사각지대’ 이주민 지킴이,,,,,생활/문화,종교,Naver
[오늘의 설교] 내 이름 아시죠,,,,,생활/문화,종교,Naver
[신간]모세오경 이야기2,,,,,생활/문화,종교,Naver
"교황, 10가지 질문에 답하다…즉위 10주년 맞아 책 출간",,,,,생활/문화,종교,Naver
[포토] 국민일보자문위원회 ‘좋은 기사상’ 시상,,,,,생활/문화,종교,Naver
"팝아티스트 낸시랭, 은혜제일교회 ‘행복한 우리동네 BOOK 콘서트’ 강연",,,,,생활/문화,종교,Naver
"'꿈이 있는 교회, 꿈대로 되는 교회'",,,,,생활/문화,종교,Naver
'성추행 혐의' 한신대 신학부 교수 1심 벌금형,,,,,생활/문화,종교,Naver
"튀르키예 지진 생존자 돌봄 현지 선교사들, ""텐트와 방한용품이 부족…독단적 구호는 안돼""",,,,,생활/문화,종교,Naver
'김수환에게 반한 군인' 신치구 전 국방부 차관 별세,,,,,생활/문화,종교,Naver
"원주시기독교연합회 ""강원특수교육원 원주 유치 지지""",,,,,생활/문화,종교,Naver
"일·공부·인간애 실현…인생의 마라톤, 103세 돼도 멈출 수 없죠",,,,,생활/문화,종교,Naver
신학대 잇따른 내홍에... “갈등 봉합 고심”,,,,,생활/문화,종교,Naver
"감리교시국대책연석회의, ""국정원 공안몰이 즉각 중단하라""",,,,,생활/문화,종교,Naver
"법원, 전광훈 목사에게 징역 1년 6월, 집행유예 3년 선고",,,,,생활/문화,종교,Naver
“천사 찾듯 가스펠 찾던 그녀” 휘트니 휴스턴 미발표 가스펠 앨범 나온다,,,,,생활/문화,종교,Naver
“수고한 결과를 구하지 않을 각오” 목사가 목사에게,,,,,생활/문화,종교,Naver
“시각장애인에게 따뜻한 밥 한 끼를”,,,,,생활/문화,종교,Naver
"“MZ야 놀자~”…CCC, 메타버스로 선교 나선다",,,,,생활/문화,종교,Naver
"한국오픈도어, 내달 20일 북한선교학교 개강",,,,,생활/문화,종교,Naver
“선교사님 생애가 스마트폰에서 들리네”,,,,,생활/문화,종교,Naver
"코로나 3년간 교회 불신 10％p↑…""성인 74% '신뢰 안해'""",,,,,생활/문화,종교,Naver
4인 4색 ‘나만의 사역 루트’ 개척해 가는 예비 목회자들,,,,,생활/문화,종교,Naver
"화엄사, '홍매화·들매화' 폰 사진전 및 백일장 개최",,,,,생활/문화,종교,Naver
합천 해인사 새 주지후보 '혜일스님' 만장일치로 추천,,,,,생활/문화,종교,Naver
"이성효 천주교 수원교구 총대리, 교황청 문화교육부위원에 재임명",,,,,생활/문화,종교,Naver
"백석대, 4년간 심은 외국인 장학생 13명 ‘첫 결실’",,,,,생활/문화,종교,Naver
제자만 1만 명…'당대 최고의 주역가' 대산 김석진 옹 별세,,,,,생활/문화,종교,Naver
선고공판 마친 전광훈 목사,,,,,생활/문화,종교,Naver
전광훈 목사 유죄,,,,,생활/문화,종교,Naver
선고공판 출석하는 전광훈 목사,,,,,생활/문화,종교,Naver
전광훈 목사 유죄,,,,,생활/문화,종교,Naver
전광훈 목사 유죄,,,,,생활/문화,종교,Naver
선고공판 출석하는 전광훈 목사,,,,,생활/문화,종교,Naver
'방역지침 어기고 광복절 집회' 전광훈 집행유예·벌금 450만원,,,,,생활/문화,종교,Naver
"‘아프리카의 북한’ 에리트레아, 예배 드리던 44명 체포",,,,,생활/문화,종교,Naver
해인사 주지 후보에 조계종 교육원장 혜일 스님 추천,,,,,생활/문화,종교,Naver
"성공회, 튀르키예·시리아 지진 피해 지원 26일 특별 모금",,,,,생활/문화,종교,Naver
"동국대학교, '지역 미래불자 육성장학 장학증서 수여식' 개최",,,,,생활/문화,종교,Naver
"[게시판] 직지사 주지 장명스님, 취임식 비용 김천복지재단에 기탁",,,,,생활/문화,종교,Naver
디즈니손녀도 “멋있다” 250억 슈퍼볼 복음 광고 ‘논란’,,,,,생활/문화,종교,Naver
"한기총, 전광훈 직무정지로 2년간 대행 체제 끝... 대표회장에 정서영 목사",,,,,생활/문화,종교,Naver
"프란치스코 교황, 사임설 반박 ""종신직 지키지 않을 이유 없어""",,,,,생활/문화,종교,Naver
“입학 전 신앙 훈련부터”...백석대 신대원 영성수련회,,,,,생활/문화,종교,Naver
"한국교회 신뢰도 또 하락…4명 중 3명 ""신뢰하지 않는다""",,,,,생활/문화,종교,Naver
교회 성폭력 사건 가해자 10명 중 7명은…'충격 결과',,,,,생활/문화,종교,Naver
"""작년 교회 성폭력 사건 가해자 71%는 목회자·지도적 인물""",,,,,생활/문화,종교,Naver
"전국 400여 곳 1인 시위 ""양금덕 할머니와 함께 싸웁시다""",,,,,생활/문화,종교,Naver
"조계종, 해인사 후임 주지에 혜일스님 임명…""조속히 정상화""",,,,,생활/문화,종교,Naver
"50년 쌓은 한·독 교회 에큐메니칼 연대…""한반도에서 전쟁을 끝냅시다""",,,,,생활/문화,종교,Naver
“불교 대장경 ‘월인석보’ 세조 아닌 세종 때 먼저 간행”,,,,,생활/문화,종교,Naver
실로암안과병원 “난치성 안질환 연구로 눈병 없는 세상을”,,,,,생활/문화,종교,Naver
“독일 통일도 동·서독 교회가 교류하면서 물꼬”,,,,,생활/문화,종교,Naver
‘신앙과 비즈니스 스쿨 2기’ 다음 달 9일 출발선,,,,,생활/문화,종교,Naver
"성추문에 휩싸인 해인사…조계종, 새 주지에 ‘혜일 스님’ 임명",,,,,생활/문화,종교,Naver
"화엄사, 봄맞이 홍매화·들매화 사진 콘테스트",,,,,생활/문화,종교,Naver
“사순절 허투루 보내면 부활절의 의미도 느끼기 힘들어”,,,,,생활/문화,종교,Naver
“작은 움직임 모여 시민권 취득 기적 목격…”,,,,,생활/문화,종교,Naver
"해인사 주지에 혜일스님 임명…총무원장 ""사태 해결할 적임자""(종합)",,,,,생활/문화,종교,Naver
"추문 논란 해인사...조계종, 새 주지에 혜일스님 임명",,,,,생활/문화,종교,Naver
"원불교, 튀르키예·시리아 지진 피해 모금 3억 원 돌파",,,,,생활/문화,종교,Naver
조계종 '추문논란' 해인사 새 주지로 혜일스님 임명,,,,,생활/문화,종교,Naver
조계종 '추문논란' 해인사 새 주지로 혜일스님 임명,,,,,생활/문화,종교,Naver
조계종 '추문논란' 해인사 새 주지로 혜일스님 임명,,,,,생활/문화,종교,Naver
“나는 살아있다”...공포감 들게 한 소름 돋는 답변의 정체는,,,,,생활/문화,종교,Naver
1100년 전 히브리어 성경책 387억에 경매…美 헌법 초판본 기록깰까?,,,,,생활/문화,종교,Naver
"문체부, '대한민국 어디서나 살기 좋은 지방시대' 4차 정책토론회",,,,,생활/문화,종교,Naver
원불교 튀르키예 시리아 지진 피해자들에게 3억원 성금,,,,,생활/문화,종교,Naver
"프란치스코 교황 ""일어나 오늘을 다시 시작하라""",,,,,생활/문화,종교,Naver
해인사 주지에 상월결사 총도감 출신 혜일스님…해인총림 만장일치 추천,,,,,생활/문화,종교,Naver
튀르키예 지진 구호에 원불교 3억원 모금…현지 구호도 예정,,,,,생활/문화,종교,Naver
동양고전 주역의 대중화 이끈 대산 김석진옹 별세…향년 95세,,,,,생활/문화,종교,Naver
[imazine] 미지와의 조우…사우디아라비아 ②,,,,,생활/문화,종교,Naver
"가장 오래된 히브리어 성경책, 역대 최고가 고문서 기록깨나",,,,,생활/문화,종교,Naver
주 1회 사랑쌓기 5년… 죽겠다던 그의 얼굴에 희망이 피었다,,,,,생활/문화,종교,Naver
선한울타리·야나… 자립준비청년·후원자 잇는 영적 중개소,,,,,생활/문화,종교,Naver
“션윈예술단 공연 주된 내용은 천지창조… 파룬궁 설립자를 창조주로 만들려는 것”,,,,,생활/문화,종교,Naver
[겨자씨] 과거에 대한 재해석,,,,,생활/문화,종교,Naver
“아담·하와 동등하게 창조… 복음 전파 지역선 여권 향상”,,,,,생활/문화,종교,Naver
[오늘의 설교] 소망 생활로 승리합시다,,,,,생활/문화,종교,Naver
[오늘의 QT] 회개,,,,,생활/문화,종교,Naver
“시각장애인에 매일 따뜻한 밥 한끼를”… 수요일은 예배도,,,,,생활/문화,종교,Naver
[CBS논평] 기독교인 정치인들이 신앙인의 정체성으로 활동하길 기대한다 - 정종훈 교수,,,,,생활/문화,종교,Naver
"한국교회봉사단, 튀르키예에 긴급구호 의료단 파견…이재민 지원 활발",,,,,생활/문화,종교,Naver
“포로수용소에서도 복음 전파” 70년 만에 대학 졸업한 ‘성자’,,,,,생활/문화,종교,Naver
"기환연, 2023 정기총회서 집중 사업 확정",,,,,생활/문화,종교,Naver
"개혁연대 ""가혹행위 논란 김명진 목사 징역형 환영""",,,,,생활/문화,종교,Naver
"한교봉, 유엔난민기구·세계식량계획과 튀르키예·시리아 돕기 나선다",,,,,생활/문화,종교,Naver
"‘사명을 넘어 생명으로’ 대구동신교회, 선교 50주년 기념 축제",,,,,생활/문화,종교,Naver
"예장 합동, 초등학생 대상 '전국 유소년 풋살 대회' 준비",,,,,생활/문화,종교,Naver
“세대통합목회가 대안”…백윤영 목사 30차 콘퍼런스 인도,,,,,생활/문화,종교,Naver
"정순택 대주교 ""팬데믹 어두운 터널 지나 빛을 향하고 있다""(종합)",,,,,생활/문화,종교,Naver
“전국 어린이들 풋살장으로 모여라”,,,,,생활/문화,종교,Naver
"[나의 삶,나의 신앙]원우현(3)구치소 안 학생들이 소리쳤다 “자유 민주주의 만세….”",,,,,생활/문화,종교,Naver
“이승만 전 대통령의 정신 되살려야”,,,,,생활/문화,종교,Naver
백석대 신대원 신입생 영성 수련회 개최,,,,,생활/문화,종교,Naver
"""기후 위기 극복 위해 협력""…춘천 종교·시민·사회단체 회의",,,,,생활/문화,종교,Naver
"풀리지 않는 대구 이슬람사원 갈등…건축 지지 단체 ""구청이 갈등 키워""",,,,,생활/문화,종교,Naver
“쌀 필요한 이웃 마음껏 가져가라고...” 전국에 놓인 쌀독 100개째,,,,,생활/문화,종교,Naver
"정순택 대주교 ""팬데믹 어두운 터널 지나 빛을 향하고 있다""",,,,,생활/문화,종교,Naver
"사임설 반박한 프란치스코 교황 “중도사퇴, 유행 안 돼”",,,,,생활/문화,종교,Naver
[미션리포트] 내전에 강진까지 덮친 '시리아'…인도주의 지원 절실,,,,,생활/문화,종교,Naver
개신교 내 성폭력 가해자 70%는 담임목사 등 ‘교회 리더’,,,,,생활/문화,종교,Naver
대히트 ‘목적이이끄는삶’ 후 10년만 릭 워렌 책 냈다,,,,,생활/문화,종교,Naver
“교회 성폭력 사건 가해자 10명 중 7명은 교회 리더”,,,,,생활/문화,종교,Naver
"프란치스코 교황 즉위 10주년 ""은퇴 없다…교황은 종신직""",,,,,생활/문화,종교,Naver
종교인 절세 전략 찾는다…지역교회를 위한 세무·회계·재정 순회세미나,,,,,생활/문화,종교,Naver
[새로 나온 책] 예수님의 마지막 일주일을 따라가요!,,,,,생활/문화,종교,Naver
[새로 나온 책] 그리스도의 종인가 노예인가?,,,,,생활/문화,종교,Naver
[새로 나온 책] 산골 마을의 선교사,,,,,생활/문화,종교,Naver
[새로 나온 책] 말씀묵상 동네세메줄성경 1~10,,,,,생활/문화,종교,Naver
[새로 나온 책] 욕망과 영성,,,,,생활/문화,종교,Naver
세상의 미로에 갇혀 기독인 정체성 발견 못하는 이들에게…,,,,,생활/문화,종교,Naver
백석대-하노이폴리텍대 학술 교류 협약,,,,,생활/문화,종교,Naver
[오늘의 QT] 영계,,,,,생활/문화,종교,Naver
"“일·배움·신앙… 인생의 마라톤, 늙었다는 핑계로 멈춰선 안돼”",,,,,생활/문화,종교,Naver
“목양실에 티슈 준비하고 울 곳 없는 사람들 보듬는 목회하세요”,,,,,생활/문화,종교,Naver
[장애인과 함께하는 설교] 아직 어두울 때에,,,,,생활/문화,종교,Naver
"기독문화선교회, 전국 순회 간증집회 강사진 확정",,,,,생활/문화,종교,Naver
[해외선교·성지순례 안전 기상도] 일본 온천여행 땐 ‘히트 쇼크’ 요주의,,,,,생활/문화,종교,Naver
[가정예배 365-2월 17일] 죄에 민감한 사람,,,,,생활/문화,종교,Naver
[겨자씨] 어떻게 사느냐 어떻게 죽느냐,,,,,생활/문화,종교,Naver
"제10차 한독교회협의회 폐회…전 지구적 '생명, 정의, 평화' 파트너쉽 확인",,,,,생활/문화,종교,Naver
튀르키예 지진 강타 2주…'무너진 100년' 안디옥개신교회서 위로 예배,,,,,생활/문화,종교,Naver
월호스님이 권하는 고통에서 해탈하는 세 가지 처방,,,,,생활/문화,종교,Naver
뇌사 장기기증인 유자녀들이 한자리에 모인 이유는,,,,,생활/문화,종교,Naver
새로 나온 책 / '주님을 따라 자기 십자가를 진 사람들' 외,,,,,생활/문화,종교,Naver
“한-독 연대로 아시아와 유럽 평화 꿈꾼다”,,,,,생활/문화,종교,Naver
"바이든 ""강인함과 겸손함에 경의""…카터에 헌사 릴레이(종합)",,,,,생활/문화,종교,Naver
"천주교 서울대교구 사목기금회, 가톨릭대에 장학금 1억원 기부",,,,,생활/문화,종교,Naver
"크리스찬메모리얼파크, 튀르키예 지진 피해 성금 전달",,,,,생활/문화,종교,Naver
"“입시경쟁, 사교육비, 교육격차 해소 미흡”...교육 3단체, 10대 교육개혁정책 ‘부정 평가’",,,,,생활/문화,종교,Naver
‘뇌종양 진단’ 유은성 “많은 기도덕분에… 은혜 감사”,,,,,생활/문화,종교,Naver
"시리아 교회 ‘희망의 센터’, 난민위한 ‘생명줄’ 역할 톡톡",,,,,생활/문화,종교,Naver
"기아대책, 외교부와 튀르키예 피해주민 위한 방한용품 지원",,,,,생활/문화,종교,Naver
,,,,,생활/문화,종교,Naver
“교회와 세상을 잇는 1+1” 샘솟는기쁨 비비투 이야기,,,,,생활/문화,종교,Naver
"“시리아 사람들, 국가도 우릴 버렸다며 울부짖어”",,,,,생활/문화,종교,Naver
제주 칠머리당 영등환영풍어제,,,,,생활/문화,종교,Naver
제주 칠머리당 영등환영풍어제,,,,,생활/문화,종교,Naver
제주 칠머리당 영등환영풍어제,,,,,생활/문화,종교,Naver
제주 칠머리당 영등환영풍어제,,,,,생활/문화,종교,Naver
제주 칠머리당 영등환영풍어제,,,,,생활/문화,종교,Naver
제주 칠머리당 영등환영풍어제,,,,,생활/문화,종교,Naver
제주 칠머리당 영등환영풍어제,,,,,생활/문화,종교,Naver
"""美역사서 가장 위대한 제2막 보낸 분"" 카터에 헌사 릴레이",,,,,생활/문화,종교,Naver
"""올해 안녕·풍요 기원""…제주칠머리당 영등환영제 봉행",,,,,생활/문화,종교,Naver
"한국CBMC, 8월 15일~18일 제12차 세계대회 연다",,,,,생활/문화,종교,Naver
세상 섬기고 신앙계승… ‘탈종교화’속 더 낮아지는 교회 이끌다[Leadership],,,,,생활/문화,종교,Naver
“온라인 열린예배 확대 바람직… 3세대 목회자들 새 카리스마 가져야”[Leadership],,,,,생활/문화,종교,Naver
[우리 교회 소식] 경북 포항 성법교회,,,,,생활/문화,종교,Naver
[우리 교회 소식] 경남 창원상남교회,,,,,생활/문화,종교,Naver
[우리 교회 소식] 광주 본향교회,,,,,생활/문화,종교,Naver
[우리 교회 소식] 제주 서귀포시 법환교회,,,,,생활/문화,종교,Naver
[우리 교회 소식] 충북 청주 주님의교회,,,,,생활/문화,종교,Naver
[우리 교회 소식] 서울 강일교회,,,,,생활/문화,종교,Naver
[우리 교회 소식] 강원 춘천 효자교회,,,,,생활/문화,종교,Naver
[우리 교회 소식] 대전 산성교회,,,,,생활/문화,종교,Naver
[우리 교회 소식] 경기도 하남교회,,,,,생활/문화,종교,Naver
[우리 교회 소식] 경북 경주제일교회,,,,,생활/문화,종교,Naver
[우리 교회 소식] 서울 중앙루터교회,,,,,생활/문화,종교,Naver
[우리 교회 소식] 인천제2교회,,,,,생활/문화,종교,Naver
"[튀르키예 강진] 종교계, 구호금 기부·모금 활동 이어져",,,,,생활/문화,종교,Naver
"“아프리카에서 발견한 희망의 기쁨, 선한 영향력으로 나눌 것”",,,,,생활/문화,종교,Naver
"감신대, '성찬' 주제 예배 콘퍼런스 개최",,,,,생활/문화,종교,Naver
플라스틱 없는 사순절 어때요?…기장 총회 '탄소금식' 캠페인 전개,,,,,생활/문화,종교,Naver
"한국카리타스인터내셔널, 튀르키예·시리아 긴급구호기금 20만 달러 지원",,,,,생활/문화,종교,Naver
"한교연, 백사마을에 연탄 2만5000장·독거노인 50가정에 쌀 등 전달",,,,,생활/문화,종교,Naver
"일제강점기 탱화 속 태극기 105년만에 확인…""항일운동 일환""(종합)",,,,,생활/문화,종교,Naver
"교회협의회, 2023 사순절 메시지 발표…""생명 살림의 복음 사명 깨우쳐야""",,,,,생활/문화,종교,Naver
"독립운동 거점사찰 진관사, 특별한 3.1절 행사 풍성",,,,,생활/문화,종교,Naver
장기선교사의 고령화 빨간불… 50대 이상이 63% “은퇴 선교사  대책 시급”,,,,,생활/문화,종교,Naver
"국가조찬기도회, 주한 튀르키예 대사관에 2억원 전달",,,,,생활/문화,종교,Naver
"일제강점기 탱화 속 그려진 태극기…""항일운동 일환""",,,,,생활/문화,종교,Naver
"한국교회봉사단·그린닥터스, 튀르키예 이재민 캠프 의료봉사활동",,,,,생활/문화,종교,Naver
개척자 비긴즈[EP2] 사랑은 향기를 남기고 사역은 온기를 남긴다,,,,,생활/문화,종교,Naver
'평화에 평생 헌신' LA 주교 총격 피살…용의자는 가정부 남편,,,,,생활/문화,종교,Naver
"“성장 둔화는 핑계, 재부흥 열쇠 ‘샬롬부흥’에 있다”",,,,,생활/문화,종교,Naver
"선원사 주지 ""괘불탱화에 원형 태극기 그려져 있어 깜짝""",,,,,생활/문화,종교,Naver
스크린도 없는 예배당에 모인 3000명…낯선 부흥의 의미,,,,,생활/문화,종교,Naver
선원사 불화서 태극기 그림 발견…“1910년대 문양과 닮아”,,,,,생활/문화,종교,Naver
탱화에서 일제 강점기에 그린 태극기 발견,,,,,생활/문화,종교,Naver
일제강점기에 그린 지장시왕도 속 태극기,,,,,생활/문화,종교,Naver
"""당시 시대상 투영""…사찰 불화에 숨겨진 '뜻밖의 그림'",,,,,생활/문화,종교,Naver
"일제강점기 탱화 속 관모에 그려진 태극기…""항일운동 일환""",,,,,생활/문화,종교,Naver
선원사 후불탱화에 그려진 태극기,,,,,생활/문화,종교,Naver
탱화에 그려진 태극기,,,,,생활/문화,종교,Naver
선원사 후불탱화에 그려진 태극기,,,,,생활/문화,종교,Naver
선원사 후불탱화에 그려진 태극기,,,,,생활/문화,종교,Naver
뒤늦게 발견된 탱화 속 태극기,,,,,생활/문화,종교,Naver
탱화에 그려진 태극기,,,,,생활/문화,종교,Naver
"""불교 탱화에 몰래 그렸다""…1917년 제작 태극기, 남원 선원사 발견",,,,,생활/문화,종교,Naver
[하나님의 Q sign #7] 미주복음방송 개국,,,,,생활/문화,종교,Naver
"튀르키예 아이들 “가지 말아요, 우리와 함께 있어요”",,,,,생활/문화,종교,Naver
디지털 격차 극복 위한 다양한 프로그램 운영,,,,,생활/문화,종교,Naver
"美 103세 스타 수녀 첫 회고록…""100년을 살며 배운 것""",,,,,생활/문화,종교,Naver
“‘형제의 나라’ 한국이 튀르키예의 상처를 보듬습니다”,,,,,생활/문화,종교,Naver
[오늘의 설교] 말하지 않고는 견딜 수 없다,,,,,생활/문화,종교,Naver
[가정예배 365-2월 21일] 비둘기같이,,,,,생활/문화,종교,Naver
“한국 찬양사역자와 협업 적극 지원할 것”,,,,,생활/문화,종교,Naver
“세상과 교회 잇는 책… 우리 부부처럼 ‘1+1’ 꿈꾸며 작업하죠”,,,,,생활/문화,종교,Naver
[역경의 열매] 정근 (9) 정주영 회장과 만남은 북한 선교 예비한 하나님의 계획,,,,,생활/문화,종교,Naver
"KAM선교회, 카자흐 ‘알리야 센터’ 설립에 3억원 약정",,,,,생활/문화,종교,Naver
'예수님만 바라보며 지역과 함께하는 교회',,,,,생활/문화,종교,Naver
"""또 무너졌다"" 삶의 터전 잃은 튀르키예 이재민…기도 절실",,,,,생활/문화,종교,Naver
"교황, 우크라전 1년 맞아 정전 촉구…""전쟁, 터무니없고 잔인""",,,,,생활/문화,종교,Naver
"교회협, '노란봉투법' 통과 금식기도 9일째 중단…""온전한 노동권 보장위해 다시 시작""",,,,,생활/문화,종교,Naver
대법회에서 발언하는 자승스님,,,,,생활/문화,종교,Naver
"상월결사, 인도서 대법회…자승 ""포교만이 한국 불교 살길""",,,,,생활/문화,종교,Naver
"천태종, 튀르키예에 1억원 구호금·물품 전달",,,,,생활/문화,종교,Naver
중국의 ‘디지털 박해’ 강화에 라디오 수요 높아져,,,,,생활/문화,종교,Naver
"한교총, '동성커플 피부양자 인정' 비판...""월권·편향적 판결""",,,,,생활/문화,종교,Naver
"백석대, 4년만에 열린 ‘대면 입학식’",,,,,생활/문화,종교,Naver
[교회엄친아] 로스쿨 가는 연대선배가 기도모임 또 만드는 이유,,,,,생활/문화,종교,Naver
"독도 옛이름 'Ousan’ 표기한 김대건 신부, 조선전도 유럽 전파",,,,,생활/문화,종교,Naver
"가톨릭 교양 공유대학, 성황리에 개강…1500여명 참여",,,,,생활/문화,종교,Naver
"한교총 '동성커플 피부양자 인정' 고법판결에 ""편향적""",,,,,생활/문화,종교,Naver
50년간 교회교사로… 98세 카터 전 대통령의 마지막 예배,,,,,생활/문화,종교,Naver
한국유교문화진흥원 ‘충청 종가 간담회’,,,,,생활/문화,종교,Naver
"“주식 코인 말고 집부터, 역세권 대신 교세권” 크리스천 투자 노트",,,,,생활/문화,종교,Naver
"보인스님, 회장 취임식 대신 탑골공원서 무료 급식 봉사",,,,,생활/문화,종교,Naver
"[튀르키예 강진] 천태종, 성금 1억원·구호물품 전달",,,,,생활/문화,종교,Naver
선교계도 고령화 현상 심각..대책 마련해야,,,,,생활/문화,종교,Naver
"“김대건 신부, 독도 옛 이름 로마자로 쓴 조선전도 유럽에 전파”",,,,,생활/문화,종교,Naver
,,,,,생활/문화,종교,Naver
“튀르키예 이재민에게 매일 전달하는 도시락만 500개”,,,,,생활/문화,종교,Naver
"[나의 삶,나의 신앙]원우현(5)“심문 사항이 反정부 집회 대목에 이르자….”",,,,,생활/문화,종교,Naver
튀르키예·시리아 이재민에 한국천주교 긴급구호기금 2억6000만원 지원,,,,,생활/문화,종교,Naver
튀르키예 이재민 “우린 다시 돌아올 것입니다”,,,,,생활/문화,종교,Naver
사회취약계층에 연탄 2만5000장 전달…한국교회연합 사랑의 연탄나눔 성료,,,,,생활/문화,종교,Naver
[오늘의 설교] 추수할 일꾼의 자격,,,,,생활/문화,종교,Naver
[가정예배 365-2월 22일] 말씀에 정확하게 일치하는 삶,,,,,생활/문화,종교,Naver
“우리 교회 오면 영어 저절로~”… 최고의 복음 도구 된 ‘절대영어’,,,,,생활/문화,종교,Naver
[역경의 열매] 정근 (10) 연대 보증 1억 떠안게 돼… 안과 개원으로 정면 돌파,,,,,생활/문화,종교,Naver
"튀르키예 아이들 “가지 말아요, 우리와 함께 있어요”",,,,,생활/문화,종교,Naver
[겨자씨] 시내산에서 얻은 신비의 힘,,,,,생활/문화,종교,Naver
“또 다른 삶 주신 것 같아 행복하고 감사”,,,,,생활/문화,종교,Naver
"대한민국국가조찬기도회·크리스찬메모리얼파크, 튀르키예 성금",,,,,생활/문화,종교,Naver
[오늘의 QT] 죄성,,,,,생활/문화,종교,Naver
외로움 방치하는 사람 의외로 많아… 공감·배려로 관심 보이자,,,,,생활/문화,종교,Naver
50대 이상 장기선교사 65%… 고령화 심각,,,,,생활/문화,종교,Naver
[개척자 비긴즈] ‘주님 위해 일하는 정규직 사역자’가 소망이던 부목사 1년차 시절…,,,,,생활/문화,종교,Naver
"[현장포토]튀르키예 지진, ‘형제의 나라’ 위해 기도합니다",,,,,생활/문화,종교,Naver
"장기기증운동본부, 뇌사 장기기증인 유자녀들에게 장학금 전달",,,,,생활/문화,종교,Naver
"KWMA, ""청년 선교 활성화 위해 실질적인 지원해야""",,,,,생활/문화,종교,Naver
"프란치스코 교황, 심한 감기로 일부 일정 취소",,,,,생활/문화,종교,Naver
"한교봉, 튀르키예 메르신동방정교회 긴급 지원…""한국 교회에 감사""",,,,,생활/문화,종교,Naver
"기장 총회, '새 역사 70주년 순례기도회' 제주서 시작",,,,,생활/문화,종교,Naver
"한국YWCA연합회 2023 정기총회 ""여성과 함께 변화 이끌 것""",,,,,생활/문화,종교,Naver
한편의 드라마처럼 써내려 갈 수 있도록….,,,,,생활/문화,종교,Naver
"[우크라전 발발 1년] 전쟁 속에서 피어난 소망, 구제는 현재진행형",,,,,생활/문화,종교,Naver
현재 기독교계에서 가장 ‘핫’한 이슈는?,,,,,생활/문화,종교,Naver
"부처가 제자 1250명에 설법한 영축산에서 진우 스님, 특별 법회",,,,,생활/문화,종교,Naver
“지역·청년과 함께 하는 기독여성운동 이어간다”,,,,,생활/문화,종교,Naver
,,,,,생활/문화,종교,Naver
"조계종 사노위, 변희수 하사 2주기 추모기도…27일 보신각 앞",,,,,생활/문화,종교,Naver
회개와 거듭남… 사순절에 함께하는 책들,,,,,생활/문화,종교,Naver
[게시판] 조계종 총무원장 인도 영축산 특별법회,,,,,생활/문화,종교,Naver
국립경주문화재연구소·불교중앙박물관·불교문화재연구소 MOU,,,,,생활/문화,종교,Naver
"컴패션 '전쟁터에서 살아남기', 게임 통해 전쟁의 고통 전해",,,,,생활/문화,종교,Naver
"국립경주문화재연구소, 불교중앙박물관·불교문화재연구소와 MOU",,,,,생활/문화,종교,Naver
"자승스님 ""포교만이 한국 불교 살길""...상월결사, 부다가야서 법회",,,,,생활/문화,종교,Naver
기윤실 '슬기로운 가방 생활' 캠페인 전개,,,,,생활/문화,종교,Naver
"[나의 삶,나의 신앙]원우현(6)“얼굴이 겁나게 생긴 수사반장이 나를 찾았다….”",,,,,생활/문화,종교,Naver
'챗GPT와 교회'…인공지능 시대 교회의 역할은?,,,,,생활/문화,종교,Naver
"바보의나눔, 튀르키예-시리아 지진 피해 긴급구호금 1억 지원",,,,,생활/문화,종교,Naver
"조규홍 보건복지부 장관 ""내년 노인인구 1천만…대비 시급""",,,,,생활/문화,종교,Naver
"대법원, 명성교회 김하나 담임목사 지위 최종 인정…'세습 논란' 종결",,,,,생활/문화,종교,Naver
"대법원, 김하나 목사 명성교회 대표 자격 인정",,,,,생활/문화,종교,Naver
"통일 이후 北 교회 재건...“성경적 관점, 디아코니아 기반 일치된 선교전략 세워야”",,,,,생활/문화,종교,Naver
두란노교회의 어린이 위한 새벽기도회,,,,,생활/문화,종교,Naver
"기아대책 유원식 회장, 국제개발협력민간협의회 신임 회장 선출",,,,,생활/문화,종교,Naver
"'부자세습' 명성교회 김하나 목사…대법, 대표 지위 인정",,,,,생활/문화,종교,Naver
'세습 논란' 명성교회 최종 승소…김하나 목사 대표 인정,,,,,생활/문화,종교,Naver
우크라 전쟁 1년…“전쟁으로 고통받는 이들을 사랑하자”,,,,,생활/문화,종교,Naver
"개신교계 '동성 커플 피부양자 인정'에 ""편향적 판결"" 비판 잇따라",,,,,생활/문화,종교,Naver
[새로 나온 책] 바울의 사상을 그리다,,,,,생활/문화,종교,Naver
[새로 나온 책] 예수의 마지막 말들,,,,,생활/문화,종교,Naver
[새로 나온 책] 성공적인 프로젝트 지금 시작하라,,,,,생활/문화,종교,Naver
[오늘의 QT] 금식 기도,,,,,생활/문화,종교,Naver
"[새로 나온 책] 교회학교, 우리 교회도 부흥할 수 있다",,,,,생활/문화,종교,Naver
[새로 나온 책] 쉽게 읽는 핵심 성경 교리,,,,,생활/문화,종교,Naver
“훌륭한 기독교 상담가 양성해 지역교회 파송”,,,,,생활/문화,종교,Naver
독립운동가 백초월 스님,,,,,생활/문화,종교,Naver
법문하는 문광스님,,,,,생활/문화,종교,Naver
독립운동가 백초월 스님 추모 공연,,,,,생활/문화,종교,Naver
진관사 태극기 모형 배경으로 추모 공연,,,,,생활/문화,종교,Naver
"""일장기에 그린 태극기는 저항의 상징""…항일운동 재조명",,,,,생활/문화,종교,Naver
"위기가구 찾고, 고독사 막는다… 지자체-교회, 120일 동행",,,,,생활/문화,종교,Naver
‘교회 부흥 위한 산소호흡기’ 예배 동력 회복하는 프로젝트,,,,,생활/문화,종교,Naver
연세대 졸업 예배,,,,,생활/문화,종교,Naver
학사모 쓰고 경건한 기도,,,,,생활/문화,종교,Naver
연세대 졸업 예배,,,,,생활/문화,종교,Naver
학사모 쓰고 경건한 기도,,,,,생활/문화,종교,Naver
연세대 졸업 예배,,,,,생활/문화,종교,Naver
연세대 졸업 예배,,,,,생활/문화,종교,Naver
학사모 쓰고 경건한 기도,,,,,생활/문화,종교,Naver
"세계의 사순절, 키워드는 ‘절제와 성경 읽기’",,,,,생활/문화,종교,Naver
[이정미 박사의 성경 속 상식] 그늘진 회의의 숲을 지나서: 도마 이야기,,,,,생활/문화,종교,Naver
‘모교 교수’ 기적 쓴 이지선 “주 은혜로”…목사 시에 ‘왈칵’,,,,,생활/문화,종교,Naver
"교황, 우크라 전쟁 1주년 ""잔해 위에 세워진 평화 진정한 승리 아냐""",,,,,생활/문화,종교,Naver
"[나의 삶,나의 신앙]원우현(7)16대 사회과학協 회장 취임…언론학 분야 최초",,,,,생활/문화,종교,Naver
"김진표 의장 ""저출산 위기…이민청 설립해 이민 더 받으려 한다""",,,,,생활/문화,종교,Naver
글로벌엘림재단 다문화가족 위해 ‘좋은 이웃 네트워크’ 만든다,,,,,생활/문화,종교,Naver
[신간]예수님은 나의 영원한 보스,,,,,생활/문화,종교,Naver
한국침례신학대학교 15대 총장에 피영민 목사 선출,,,,,생활/문화,종교,Naver
"굿네이버스, 강진 피해 시리아에 구호물품 전달",,,,,생활/문화,종교,Naver
"기아대책 유원식 회장, 국제개발협력민간협의회(KCOC) 신임 회장 선출",,,,,생활/문화,종교,Naver
"""한반도 평화"" 기도…기장 총회, 사순절 DMZ 평화순례 시작",,,,,생활/문화,종교,Naver
"국가보안법 피해자를 위한 금요기도회 시작…""눈만 뜨면 압수수색""",,,,,생활/문화,종교,Naver
새로 나온 책 / '근본주의를 파헤친다' 외,,,,,생활/문화,종교,Naver
목사·장로 3명 중 2명은 ‘정년 연장 반대’,,,,,생활/문화,종교,Naver
다문화 공동체 정착 돕는 응원군 뭉쳤다,,,,,생활/문화,종교,Naver
"보인스님, 희망브리지 전국재해구호협회 이사 선임",,,,,생활/문화,종교,Naver
[우크라전 발발 1년- 下] ‘우리 모두가 우크라이나입니다’,,,,,생활/문화,종교,Naver
법당에서 여성 신도 성추행한 주지 스님 벌금 1천만원,,,,,생활/문화,종교,Naver
대형교회일수록 ‘신앙 약화’ 비율 높아… 매일 말씀 묵상 운동 거세,,,,,생활/문화,종교,Naver
"여의도순복음교회, 다문화가족 글로벌 네트워크 만든다",,,,,생활/문화,종교,Naver
200년전 동궐도 보면서 옛 창경궁 여행,,,,,생활/문화,종교,Naver
불교중앙박물관 인문학강좌 개설…첫 강의 최광식 교수,,,,,생활/문화,종교,Naver
[우리 교회 소식] 충남 천안중앙교회,,,,,생활/문화,종교,Naver
[우리 교회 소식] 광주광역시 광주동명교회,,,,,생활/문화,종교,Naver
[우리 교회 소식] 서울 한성교회,,,,,생활/문화,종교,Naver
[우리 교회 소식] 서울 승동교회,,,,,생활/문화,종교,Naver
[우리 교회 소식] 경기도 수원성결교회,,,,,생활/문화,종교,Naver
[우리 교회 소식] 부산 포도원교회,,,,,생활/문화,종교,Naver
[우리 교회 소식] 경기도 파주 은샘교회,,,,,생활/문화,종교,Naver
[오늘의 설교] 사명으로 사는 길,,,,,생활/문화,종교,Naver
[우리 교회 소식] 서울 강일교회,,,,,생활/문화,종교,Naver
[우리 교회 소식] 전북 익산 이리침례교회,,,,,생활/문화,종교,Naver
[우리 교회 소식] 경기도 성남 대원교회,,,,,생활/문화,종교,Naver
[가정예배 365-2월 27일] 공감,,,,,생활/문화,종교,Naver
내달 13일부터 성경대로 목회하기 세미나,,,,,생활/문화,종교,Naver
"[역경의 열매] 정근 (13) 부산 지역 의료 감당… 그린닥터스, APEC 의료지원",,,,,생활/문화,종교,Naver
[부활의 주를 만난 사람들] 믿음 확신 없어 신앙 흔들리고 부부싸움 심해져… 부활 믿고 주님 사랑 전하는 행복한 의사로 변신,,,,,생활/문화,종교,Naver
"진흥장학재단, 중고생 23명에 장학금 전달",,,,,생활/문화,종교,Naver
[겨자씨] 아름다운 공동체,,,,,생활/문화,종교,Naver
[오늘의 QT] 속죄,,,,,생활/문화,종교,Naver
365일 쉬지 않고 새벽예배·심방… 목회적 돌봄으로 성도 위로,,,,,생활/문화,종교,Naver
[부활의 주를 만난 사람들] 서로 무시하고 상처만 주던 가족에게 쌓인 분노… 복음 안에서 가정 회복하고 서로를 위해서 기도,,,,,생활/문화,종교,Naver
[박종순 목사의 신앙상담] 노후화된 영상 장비 교체 놓고 교회 내 의견 갈리는데,,,,,생활/문화,종교,Naver
오랜만에 성경 펼쳐들자 그제야 ‘평안함’ 밀려오고 감사함이,,,,,생활/문화,종교,Naver
4월 9일 광화문·시청 일대 부활절 퍼레이드 열린다,,,,,생활/문화,종교,Naver
"사학법인미션네트워크, 기독교학교 신앙교육 활성화 방안 모색",,,,,생활/문화,종교,Naver
"[나의 삶,나의 신앙]원우현(8)개회사 끝나가는 데 노벨상 기조 연설자 안 나타나….",,,,,생활/문화,종교,Naver
"3.1절 104주년…평통연대 ""진정한 '평화' 외쳤던 3.1정신 계승해야""",,,,,생활/문화,종교,Naver
‘JMS 교주 정명석’ 넷플릭스 단독 다큐 방영 불발되나,,,,,생활/문화,종교,Naver
“자살유가족들이 아픔 털어놓을 수 있는 문화 형성돼야”,,,,,생활/문화,종교,Naver
서울 가로지르는 '부활절 퍼레이드',,,,,생활/문화,종교,Naver
[이호영 교수의 ESG와 기독교-14] ESG경영을 통한 십일조 정신의 실천 사례 ② 칙필레,,,,,생활/문화,종교,Naver
"나라와 민족, 평화통일 기원",,,,,생활/문화,종교,Naver
"군선교연합회, 위축됐던 군 선교 복원에 집중",,,,,생활/문화,종교,Naver
"기성총회 이주민선교회, ""국내 거주 이주민에게도 관심을""",,,,,생활/문화,종교,Naver
"신천지 경계령 높이는 합동 교단…""승소와 정치적 상황 등 자신감 되찾아 공격적 포교""",,,,,생활/문화,종교,Naver
이단·사이비 다룬 넷플릭스 다큐 '나는 신이다' '방송금지가처분' 심리,,,,,생활/문화,종교,Naver
"“전도, 세례, 양육, 결연의 군선교 선순환 회복”…군선교연합회 총회",,,,,생활/문화,종교,Naver
“4월까지 이스라엘항공권 매진” 성지순례 43배 ‘껑충’,,,,,생활/문화,종교,Naver
“대한민국 2년 뒤 초고령사회... 노인을 사역 주체로”,,,,,생활/문화,종교,Naver
개척자 비긴즈[EP3] 유튜브의 ‘킹덤’에서 ‘글로리’를 발견하다,,,,,생활/문화,종교,Naver
"'미성년자 성학대' 92세 前추기경, 공소기각 요청 ""치매 앓아""",,,,,생활/문화,종교,Naver
[단독]선교사들이 기록한 1919년 3월 1일의 평양,,,,,생활/문화,종교,Naver
“오른손 하는 일을 왼손도” 온·오프 구분않는 하이브리드처치,,,,,생활/문화,종교,Naver
“104년 전 독립 운동은 평화 운동의 효시”,,,,,생활/문화,종교,Naver
‘기독교개종 사실상 불법’ 2만인도교인 거리 나선 까닭,,,,,생활/문화,종교,Naver
성경 속 동물과 식물이 전하는 바람의 메시지 담아,,,,,생활/문화,종교,Naver
청주향교 춘계 석전대제 봉행…초헌관 이범석 시장,,,,,생활/문화,종교,Naver
"밀양향교 춘계 석전대제 봉행, 경로효친 계승발전",,,,,생활/문화,종교,Naver
“애즈버리 예배당에 발 한쪽 넣는 순간…” 한인목사의 생생 간증,,,,,생활/문화,종교,Naver
'다문화공동체의 국내 정착' 이끄미 자처한 여의도순복음교회,,,,,생활/문화,종교,Naver
"한교총, 부활절 첫 도심 퍼레이드 추진…""기독교문화 정착 기대""(종합)",,,,,생활/문화,종교,Naver
"4월9일 부활절, 광화문광장서 퍼레이드...""한국기독교 140년 역사 최초""",,,,,생활/문화,종교,Naver
"'스타킹이야 바지야, 너도 만져"" 여성신자 성추행 주지",,,,,생활/문화,종교,Naver
기념촬영 하는 부활절 퍼레이드 조직위,,,,,생활/문화,종교,Naver
“한국기독교 140년만에 첫 부활절 행진… 광화문을 화합공간으로”,,,,,생활/문화,종교,Naver
손 맞잡은 부활절퍼레이드 조직위원회,,,,,생활/문화,종교,Naver
'모두가 하나되어' 부활절퍼레이드 조직위원회 출범,,,,,생활/문화,종교,Naver
2023 부활절퍼레이드 조직위원회 출범 기자회견,,,,,생활/문화,종교,Naver
"한교총, 광화문·서울시청 일대 대규모 부활절 퍼레이드",,,,,생활/문화,종교,Naver
2023 부활절퍼레이드 조직위원회 출범,,,,,생활/문화,종교,Naver
2023 부활절퍼레이드 조직위원회 출범,,,,,생활/문화,종교,Naver
부활절퍼레이드 조직위원회 출범 회견문 낭독,,,,,생활/문화,종교,Naver
한국교회총연합 '2023부활절퍼레이드 조직위' 출범 기자회견,,,,,생활/문화,종교,Naver
이영훈 한국교회총연합 대표회장 '부활철 퍼레이드 조직위' 출범 기자회견,,,,,생활/문화,종교,Naver
이영훈 한국교회총연합 대표회장 '부활철 퍼레이드 조직위' 출범 기자회견,,,,,생활/문화,종교,Naver
이영훈 한국교회총연합 대표회장과 부활절퍼레이드 실무대회장 소강석 목사,,,,,생활/문화,종교,Naver
'2023부활절퍼레이드 조직위원회' 출범 기자회견,,,,,생활/문화,종교,Naver
이영훈 한국교회총연합 대표회장 '부활철 퍼레이드 조직위' 출범 기자회견,,,,,생활/문화,종교,Naver
이철 기독교대한감리회 감독회장 '부활철 퍼레이드 조직위' 출범 기자회견,,,,,생활/문화,종교,Naver
소강석 새에덴교회 목사 '부활철 퍼레이드 조직위' 행사 일정 발표,,,,,생활/문화,종교,Naver
소강석 새에덴교회 목사 '부활철 퍼레이드 조직위' 행사 일정 발표,,,,,생활/문화,종교,Naver
회견문 낭독하는 소강석 목사,,,,,생활/문화,종교,Naver
인사말 하는 감경철 회장,,,,,생활/문화,종교,Naver
인사말 하는 이철 감독회장,,,,,생활/문화,종교,Naver
2023 부활절퍼레이드 조직위원회 출범 기자회견,,,,,생활/문화,종교,Naver
인사말 하는 이영훈 대표회장,,,,,생활/문화,종교,Naver
인사말 하는 이철 감독회장,,,,,생활/문화,종교,Naver
회견문 낭독하는 소강석 목사,,,,,생활/문화,종교,Naver
회견문 낭독하는 소강석 목사,,,,,생활/문화,종교,Naver
인사말 하는 감경철 회장,,,,,생활/문화,종교,Naver
인사말 하는 이영훈 한국교총 회장,,,,,생활/문화,종교,Naver
2023 부활절 퍼레이드 출범 기자회견,,,,,생활/문화,종교,Naver
2023 부활절 퍼레이드 조직위 출범 기자회견,,,,,생활/문화,종교,Naver
부활절 퍼레이드 조직위 출범 기자회견,,,,,생활/문화,종교,Naver
2023 부활절 퍼레이드 조직위 출범 기자회견,,,,,생활/문화,종교,Naver
2023 부활절 퍼레이드 출범 기자회견,,,,,생활/문화,종교,Naver
"진주향교, 공기 2574주년 춘기 석전…성현 25위 제향",,,,,생활/문화,종교,Naver
2023 부활절 퍼레이드 출범 기자회견,,,,,생활/문화,종교,Naver
4월 9일 광화문·서울광장서 '부활절 퍼레이드' 열린다,,,,,생활/문화,종교,Naver
"""부활절 맞아 광화문~서울광장 행진한다""…한국기독교 140년 역사상 최초",,,,,생활/문화,종교,Naver
주사랑공동체 새 이사장에 이종락 목사,,,,,생활/문화,종교,Naver
"한교총, 4월 9일 광화문·서울시청 일대 대규모 부활절 퍼레이드",,,,,생활/문화,종교,Naver
김용희 목사 GOODTV부흥사協 대표회장 취임,,,,,생활/문화,종교,Naver
‘누구나 더 가까이’ 온국민 즐기는 K-문화예술교육 온다,,,,,생활/문화,종교,Naver
"원광대, 문화체육관광부 국고지원 사업 선정…20억 확보",,,,,생활/문화,종교,Naver
"한국침례신학대, 15대 총장에 피영민 목사 선출",,,,,생활/문화,종교,Naver
성산생명윤리연구소 새 소장에 홍순철,,,,,생활/문화,종교,Naver
[오늘의 QT] 부흥,,,,,생활/문화,종교,Naver
클럽 같은 교회서 뜨거운 찬양… 예배의 문턱을 낮추다,,,,,생활/문화,종교,Naver
"아름다운가게·사귐과섬김,  튀르키예에 구호 물품 전달",,,,,생활/문화,종교,Naver
국제개발협력민간협의회 회장에 유원식 기아대책 회장 선출,,,,,생활/문화,종교,Naver
예성 목사·장로 3명 중 2명 “정년 연장 반대”,,,,,생활/문화,종교,Naver
주일예배에 ‘토크 설교’  만나교회의 특별한 실험,,,,,생활/문화,종교,Naver
[포토]‘미신 퇴치 캠페인’ 벌이는 압구정예수교회,,,,,생활/문화,종교,Naver
[기고] 3·1운동의 원동력인 ‘국민 통합’은 국민과 대통령의 헌법상 의무,,,,,생활/문화,종교,Naver
민승 목사 ‘민족공훈 대상’ 수상,,,,,생활/문화,종교,Naver
'110여년동안 교육과 선교에 집중',,,,,생활/문화,종교,Naver
"3.1절 104주년 …일제 피해자·시민사회, ""정의로운 과거사 해결 선행돼야""",,,,,생활/문화,종교,Naver
"한교총, 3·1절 예배 “국가·민족에 헌신하는 교회 되어야”",,,,,생활/문화,종교,Naver
"'간토대지진 100주기' 조선인 학살 추모단체, 日 고이케 도지사 망언 항의",,,,,생활/문화,종교,Naver
"104년 전 3월 1일의 열기 재현, “대한독립만세”",,,,,생활/문화,종교,Naver
“선교단체 먼저 이룬 ‘통일’” 한반도 평화 위해 마음 모아,,,,,생활/문화,종교,Naver
"“한국교회, 세계선교 미션 완수해야”…존 스토트가 설립한 ‘랭함파트너십’ 한국지부 생긴다",,,,,생활/문화,종교,Naver
"서산시, 천주교 해미 국제성지 발전방안 국제 콜로퀴엄 개최",,,,,생활/문화,종교,Naver
"한교총 ""국가·민족에 헌신하는 교회 되어야""…3·1절 예배",,,,,생활/문화,종교,Naver
"3.1운동 제 104주년 감사예배…""3.1정신은 불의와 싸우는 정신""",,,,,생활/문화,종교,Naver
3.1운동 정신 이어받는 한국교회 되길,,,,,생활/문화,종교,Naver
"한교총, 3.1운동 104주년 한국교회 기념예배",,,,,생활/문화,종교,Naver
3·1운동 제104주년 한국교회 기념예배,,,,,생활/문화,종교,Naver
3·1운동 제104주년 한국교회 기념예배,,,,,생활/문화,종교,Naver
"한교총 ""3.1운동 정신으로 평화와 희망의 길잡이 될 것""",,,,,생활/문화,종교,Naver
"한교총, '3.1운동 104주년 한국교회 기념예배' 개최",,,,,생활/문화,종교,Naver
선교전략 모색…세계선교연대 101차 포럼,,,,,생활/문화,종교,Naver
여호와께로 돌아가자!…3·1절 민족화합기도회,,,,,생활/문화,종교,Naver
청년의 시선으로 재조명한 'K-유교인물사용설명서' 발간,,,,,생활/문화,종교,Naver
"오늘은 104주년 삼일절...한교총, 여의도순복음교회서 기념 예배",,,,,생활/문화,종교,Naver
숭목회 제9대 대표회장에 주승중 목사,,,,,생활/문화,종교,Naver
“교회는 비신자든 누가 와도 포용하며 이야기 들을 준비 돼 있다”,,,,,생활/문화,종교,Naver
"한국기독교군선교연합회, CCC·KWMA·ROTC와 협력",,,,,생활/문화,종교,Naver
한국침신대 총장에 피영민 목사 선출,,,,,생활/문화,종교,Naver
“경기 침체에도 리모델링하는 교회 있다면 성심 다할 것”,,,,,생활/문화,종교,Naver
“1교회 1학교 섬기기 운동 통해 사역 확장”,,,,,생활/문화,종교,Naver
[오늘의 QT] 하필이면,,,,,생활/문화,종교,Naver
[오늘의 설교] 나의 확실한 정체성,,,,,생활/문화,종교,Naver
교회 시공·음향·성구 전문가 3명 합류… “건축문화 발전 위해 최선”,,,,,생활/문화,종교,Naver
내달 9일 광화문부터 서울광장까지  1만명 참여하는 첫 ‘부활절 퍼레이드’ 펼친다,,,,,생활/문화,종교,Naver
온·오프 구분하지 않는 하이브리드처치 본격화,,,,,생활/문화,종교,Naver
[겨자씨] 3·1절 단상,,,,,생활/문화,종교,Naver
[가정예배 365-3월 1일] 안전지대,,,,,생활/문화,종교,Naver
“독립 위해 앞장선 한국교회 전통따라 평화의 길잡이 될 것”,,,,,생활/문화,종교,Naver
[개척자 비긴즈] ‘천하무적’ 교역자의 삶… 내려놓으니 공허해,,,,,생활/문화,종교,Naver
[역경의 열매] 정근 (15) 개성공단에 병원 세우고 땅끝 북한 선교의 꿈 펼쳐,,,,,생활/문화,종교,Naver
미국에 일제 핍박 알린 결정적 장면,,,,,생활/문화,종교,Naver
[포토]직장선교 글로벌 네트워킹 위해,,,,,생활/문화,종교,Naver
[알림] 종교 부문 경력기자 뽑습니다,,,,,생활/문화,종교,Naver
獨 성 니콜라이 교회 모형 북녘 땅 보이는 애기봉에 설치,,,,,생활/문화,종교,Naver
"총신대 총장 후보 “교수 2명, 목회자 1명”",,,,,생활/문화,종교,Naver
"주민교회 설립 50주년…""시대적 변화 맞춰 사회 속 교회로""",,,,,생활/문화,종교,Naver
"한교총 이영훈 대표회장 ""장애인 이동권 종교계 머리 맞대겠다""",,,,,생활/문화,종교,Naver
"몽골인에 베푼 사랑, “이렇게 기쁜 농사가 어딨을까”",,,,,생활/문화,종교,Naver
"법원, ""넷플릭스 '나는 신이다' 공익적 목적…사실관계 검증""…예정대로 3일 전 세계 공개",,,,,생활/문화,종교,Naver
[그래픽] 국내 종교인 비율 추이,,,,,생활/문화,종교,Naver
"혐오에 빠진 한국사회, 수행으로 치유해야",,,,,생활/문화,종교,Naver
"법원, JMS 성범죄 의혹 등 이단종교 문제 다큐 방영 허가",,,,,생활/문화,종교,Naver
"더멋진세상, 튀르키예 현지에서 긴급 구호 진행",,,,,생활/문화,종교,Naver
"""국내 종교인 비율 36.6%""…1998년 이후 최저 수준",,,,,생활/문화,종교,Naver
"프란치스코 교황, 고위 성직자 ‘공짜 주택’ 혜택 없애기로…왜?",,,,,생활/문화,종교,Naver
"대만 포광산 주지, 싱윈법사 추모 중국 답방…""양안 교류 촉진""",,,,,생활/문화,종교,Naver
"권영세, 기독교계 면담…北억류 선교사 문제 등 논의",,,,,생활/문화,종교,Naver
"통일부, '한미수교 140주년 한국기독교기념사업회' 임원진과 면담",,,,,생활/문화,종교,Naver
"권영세, 기독교계 면담…北억류 선교사 문제 등 논의",,,,,생활/문화,종교,Naver
"잇따른 ‘신입생 가뭄’, 신학교는 목마르다",,,,,생활/문화,종교,Naver
"일본 통일교 ‘존폐’, 운명의 시간이 다가온다",,,,,생활/문화,종교,Naver
"[CBS논평] 한일관계, 가해자의 참회와 피해자의 용서로 화해의 새로운 길을 열어야 한다- 정종훈 교수",,,,,생활/문화,종교,Naver
성도 4명이던 농촌교회의 반전... ‘핫플’ 카페로 이미지 쇄신,,,,,생활/문화,종교,Naver
"""신입생 때 신천지 포교돼 7년 뒤 탈퇴""…새학기 이단 주의보",,,,,생활/문화,종교,Naver
"[취재 뒷이야기]“칸 카르데쉬(Kan kardes) 한국교회여, 감사합니다!”",,,,,생활/문화,종교,Naver
애즈버리부흥과 닮은꼴…기독영화 깜짝흥행에 놀란 미국,,,,,생활/문화,종교,Naver
"정의연, ""'이완용식 친일 사관' 드러낸 윤석열 대통령 3.1절 기념사 규탄""",,,,,생활/문화,종교,Naver
"월드비전, 평화로운 세상 꿈꾸는 '2023 꿈 엽서그리기대회' 개최",,,,,생활/문화,종교,Naver
"예하운선교회, 사순절 헌금 모아 튀르키예 이재민 생리대 지원",,,,,생활/문화,종교,Naver
총신대 총장 후보 3명 압축…다음 달 11일 최종 선출,,,,,생활/문화,종교,Naver
"대한불교진흥원, 더 나은 삶을 위한 '금강경' 읽기",,,,,생활/문화,종교,Naver
통합의 길목에서 다시 만난 이영훈 목사와 정서영 목사,,,,,생활/문화,종교,Naver
"진우스님 ""국립공원 내 문화유산 가치 제대로 평가해야""",,,,,생활/문화,종교,Naver
"미얀마·브라질 등 불모지에서 사랑 전파… 국제사랑재단, 제7회 영곡봉사대상 개최",,,,,생활/문화,종교,Naver
[미션리포트] 우크라이나 전쟁 1주년…변함없는 연대 필요,,,,,생활/문화,종교,Naver
마지막 때를 알고 이기는 자가 되는 ‘DO IT’ 실전 기도회,,,,,생활/문화,종교,Naver
"‘동성결합 사실혼 아니라는 법원, 왜 피부양자 자격 주나’",,,,,생활/문화,종교,Naver
"백석대, 11년 연속 ‘해외취업연수사업’ 선정",,,,,생활/문화,종교,Naver
[한목협 조사 발표 ②] 목회자 설교 영향력 갈수록 하락,,,,,생활/문화,종교,Naver
[한목협 조사 발표 ①] 개신교인 비율 15%까지 떨어져,,,,,생활/문화,종교,Naver
"[나의 삶,나의 신앙]원우현(9)“민주국가에서는 언론을 제4부라 칭합니다….”",,,,,생활/문화,종교,Naver
서소문성지역사박물관 첫 작고작가 회고전… 유영교의 '구도',,,,,생활/문화,종교,Naver
종교인 절세 전략 찾는다…대구 지역교회 위한 세무·회계·재정 세미나,,,,,생활/문화,종교,Naver
사순절 헌금 모아 튀르키예에 생리대 보낸다,,,,,생활/문화,종교,Naver
지역교회 위한 세무·회계·재정 순회세미나…대구·경북 교회로,,,,,생활/문화,종교,Naver
“교회말고 병원가라고…” 최강희 간증에 이성미 ‘눈물’,,,,,생활/문화,종교,Naver
"""개신교 신자 10명 중 1명 이단…최대 66만명 추정""",,,,,생활/문화,종교,Naver
[새로 나온 책] 성경 빌드업,,,,,생활/문화,종교,Naver
[새로 나온 책] 내 글씨 믿음고백: 구원의 확신 편,,,,,생활/문화,종교,Naver
[새로 나온 책] 복음 특강,,,,,생활/문화,종교,Naver
[장애인과 함께하는 설교] 어두운 시대를 축복으로,,,,,생활/문화,종교,Naver
[가정예배 365-3월 3일] 율법주의,,,,,생활/문화,종교,Naver
[새로 나온 책] 근본주의를 파헤친다,,,,,생활/문화,종교,Naver
[역경의 열매] 정근 (17) 복지와 인권 사회문제 해결하고 싶어 시작한 정치 도전,,,,,생활/문화,종교,Naver
신학·인문학 거장과의 대화… 새로운 영감의 세계로,,,,,생활/문화,종교,Naver
[새로 나온 책] 성경의 기도서-시편 개론,,,,,생활/문화,종교,Naver
[겨자씨] 챗GPT시대,,,,,생활/문화,종교,Naver
교회의 주체이며 하나님의 소명자,,,,,생활/문화,종교,Naver
[해외선교·성지순례 안전 기상도] 이·팔 충돌 격화… 서안지구 여행 자제를,,,,,생활/문화,종교,Naver
[저자와의 만남] “감사로 하루를 시작하고 영성 일기로 마치세요”,,,,,생활/문화,종교,Naver
[오늘의 QT] 시선 고정,,,,,생활/문화,종교,Naver
"한국·독일교회, ""한반도 종전평화캠페인 적극 참여"" 공동성명",,,,,생활/문화,종교,Naver
[2023년 희망을 말한다] ③개혁연대 김종미 대표,,,,,생활/문화,종교,Naver
새로 나온 책 / '사막이 되어가는 세상에서' 외,,,,,생활/문화,종교,Naver
‘인구1% 기독교’  베트남서 4만 모인 첫 ‘전도 집회’,,,,,생활/문화,종교,Naver
대면예배 무색한 군교회...장병들이 안 보여,,,,,생활/문화,종교,Naver
"‘나는 신이다’, 아시아 시청자들도 ‘멘붕’",,,,,생활/문화,종교,Naver
"더콜링로커스, 오는 10일 10주년 기념공연",,,,,생활/문화,종교,Naver
"“작은 교회 목회자 최저생계비, 임대료 지원하자”",,,,,생활/문화,종교,Naver
,,,,,생활/문화,종교,Naver
개강·입학 맞이한 캠퍼스에 ‘이단 주의보’ 발령,,,,,생활/문화,종교,Naver
충남인권기본조례·학생인권조례 폐지 서명부 전달,,,,,생활/문화,종교,Naver
충남인권기본조례·학생인권조례 폐지 서명부 전달,,,,,생활/문화,종교,Naver
충남인권기본조례·학생인권조례 폐지 서명부 전달,,,,,생활/문화,종교,Naver
‘열등감을 도구로 쓰신 예수’ 출판 감사예배,,,,,생활/문화,종교,Naver
"전통 문화예술과 불교 무용 보급 전파, 계승발전 및 무용가 양성 힘써",,,,,생활/문화,종교,Naver
"한교총 ""강제징용 문제, 일본 정부 성의 있는 응답 촉구""",,,,,생활/문화,종교,Naver
"[강제징용 해법] 한교총 ""日정부의 성의있는 응답 촉구…화해 문 열어야""",,,,,생활/문화,종교,Naver
"한교총, “정부 발표에 대해 일본은 성의있게 답하라”",,,,,생활/문화,종교,Naver
‘개점휴업’ 상태이던 대한민국이주민봉사단 새 출발,,,,,생활/문화,종교,Naver
"JMS 폭로 '나는 신이다' PD ""미행·협박·해킹 당해""",,,,,생활/문화,종교,Naver
“죽음 속에 피어나는 꽃을 기다리며” 우성균 행신침례교회 목사의 답장,,,,,생활/문화,종교,Naver
"조계종 사노위, 3·8세계여성의날 한국여성대회 참가",,,,,생활/문화,종교,Naver
다시 수면 위 떠오른 '정명석'…출소 후 또 성폭행 혐의 재판 중,,,,,생활/문화,종교,Naver
[우리 교회 소식] 서울 광림교회,,,,,생활/문화,종교,Naver
[우리 교회 소식] 서울 강남제일교회,,,,,생활/문화,종교,Naver
[우리 교회 소식] 충남 천안중앙교회,,,,,생활/문화,종교,Naver
[우리 교회 소식] 부산 대연교회,,,,,생활/문화,종교,Naver
[우리 교회 소식] 강원 원주중부교회,,,,,생활/문화,종교,Naver
[우리 교회 소식] 경북 경산교회,,,,,생활/문화,종교,Naver
[우리 교회 소식] 서울 원동교회,,,,,생활/문화,종교,Naver
[우리 교회 소식] 서울 장안원교회,,,,,생활/문화,종교,Naver
[우리 교회 소식] 경남 창원상남교회,,,,,생활/문화,종교,Naver
[우리 교회 소식] 서울 영락교회,,,,,생활/문화,종교,Naver
[우리 교회 소식] 대전 시온성결교회,,,,,생활/문화,종교,Naver
[가정예배 365-3월 6일] 진정한 관계,,,,,생활/문화,종교,Naver
[부활의 주를 만난 사람들] 하나님 말씀까지 내 삶의 잣대를 들이대며 멋대로 살다 회개…,,,,,생활/문화,종교,Naver
[부활의 주를 만난 사람들] 비자 문제로 선교사 꿈 막혀 주님 원망하다 부활 믿은 후…,,,,,생활/문화,종교,Naver
[오늘의 설교] 모든 율법은 그리스도 안에서 성취된다,,,,,생활/문화,종교,Naver
[오늘의 QT] 유혹을 피하는 법,,,,,생활/문화,종교,Naver
[인터뷰] “국제선교에서 한국의 목소리 잘 전달되도록 도울 것”,,,,,생활/문화,종교,Naver
"[나의 삶,나의 신앙]원우현(11)“수용자 주권 시대 부응…언론자유 실천에 뜻 모아….”",,,,,생활/문화,종교,Naver
원로목자교회 양창부 목사 “하나님 나라 건설 위해 헌신 봉사할 것”,,,,,생활/문화,종교,Naver
"NCCK 정의평화위 ""日에 면죄부·역사 부정""…정부 징용해법 비판",,,,,생활/문화,종교,Naver
"이란 당국, 여학생 '가스 테러' 관련자들 처음 검거…""조사 중""",,,,,생활/문화,종교,Naver
3.1절 일장기 건 주민이 목사?…알고보니 교회 대신 회사가?,,,,,생활/문화,종교,Naver
[단독] 신천지 '10만 수료식'에 등장한 국민의힘 정치인들,,,,,생활/문화,종교,Naver
불교중앙박물관 '만월의 빛 정토의 빛' 기획전,,,,,생활/문화,종교,Naver
불교중앙박물관 '만월의 빛 정토의 빛' 기획전,,,,,생활/문화,종교,Naver
불교중앙박물관 '만월의 빛 정토의 빛' 기획전,,,,,생활/문화,종교,Naver
불교중앙박물관 '만월의 빛 정토의 빛' 기획전,,,,,생활/문화,종교,Naver
불교중앙박물관 '만월의 빛 정토의 빛' 기획전,,,,,생활/문화,종교,Naver
불교중앙박물관 '만월의 빛 정토의 빛' 기획전,,,,,생활/문화,종교,Naver
불교중앙박물관 '만월의 빛 정토의 빛' 기획전,,,,,생활/문화,종교,Naver
불교중앙박물관 '만월의 빛 정토의 빛' 기획전,,,,,생활/문화,종교,Naver
"강제동원 정부해법에 '긴급 시국선언'…""제2의 국치일""",,,,,생활/문화,종교,Naver
“하나님의 때에 통일 맞이하려면 철저히 준비해야”,,,,,생활/문화,종교,Naver
"""JMS피해자, 정씨가 진짜 메시아면 어쩌냐며 혼란"" 전 연인 증언",,,,,생활/문화,종교,Naver
“동료의 가정을 소중히 여기는가” 크리스천 기업인의 질문,,,,,생활/문화,종교,Naver
여성의 날 115주년 맞았지만 여전히 갈 길은 멀다,,,,,생활/문화,종교,Naver
"‘학폭·자살’ 위기의 청소년, 대화모임·상담치유 교육으로 극복한다",,,,,생활/문화,종교,Naver
“절대 속지마세요” JMS 이름 지운 JMS교회 100곳 명단,,,,,생활/문화,종교,Naver
넷플 ‘나는 신이다’ 파장···JMS 정명석 측 “방어권 보장해야”,,,,,생활/문화,종교,Naver
"불교중앙박물관, '만월의 빛 정토의 빛' 기획전 개최",,,,,생활/문화,종교,Naver
"불교중앙박물관, '만월의 빛 정토의 빛' 기획전 개최",,,,,생활/문화,종교,Naver
"불교중앙박물관, '만월의 빛 정토의 빛' 전시 15일 개막",,,,,생활/문화,종교,Naver
“농촌교회 살리자면서 관련 부서는 통폐합”,,,,,생활/문화,종교,Naver
"불교중앙박물관, '만월의 빛 정토의 빛' 전시 15일 개막",,,,,생활/문화,종교,Naver
불상과 그 안에 담긴 간절한 마음…'만월의 빛 정토의 빛' 전시,,,,,생활/문화,종교,Naver
한일장신대 사태에 학생들 수업 거부,,,,,생활/문화,종교,Naver
작년 국보로 승격된 '장곡사 금동약사여래좌상' 공개,,,,,생활/문화,종교,Naver
[EP4]사역만 20년차인데···예배가 무서웠다[개척자 비긴즈],,,,,생활/문화,종교,Naver
[미션톡]‘어떤 목사’의 무치(無恥)한 친일 투쟁,,,,,생활/문화,종교,Naver
"""가톨릭 여성 신자 67%, '급진적 교회개혁' 원해""",,,,,생활/문화,종교,Naver
취재진 질문 듣는 미등 스님,,,,,생활/문화,종교,Naver
"불교중앙박물관, 기획전 통해 불복장 유물 등 전시",,,,,생활/문화,종교,Naver
인사말 하는 미등 스님,,,,,생활/문화,종교,Naver
기자들과 만난 미등 스님,,,,,생활/문화,종교,Naver
기획전 기자설명회 참석한 미등 스님,,,,,생활/문화,종교,Naver
기획전 설명하는 미등 스님,,,,,생활/문화,종교,Naver
불교중앙박물관 기획전 설명하는 미등 스님,,,,,생활/문화,종교,Naver
"불교중앙박물관, 기획전 통해 불복장 유물 등 전시",,,,,생활/문화,종교,Naver
기자들과 만난 미등 스님,,,,,생활/문화,종교,Naver
인사말 하는 미등 스님,,,,,생활/문화,종교,Naver
"미등스님, '만월의 빛, 정토의 빛' 기획전 간담회",,,,,생활/문화,종교,Naver
"불교중앙박물관, 국보와 보물로 지정된 성보 등 특별공개",,,,,생활/문화,종교,Naver
기획전 설명하는 불교중앙박물관 관장 미등스님,,,,,생활/문화,종교,Naver
"미등스님 '국보와 보물로 지정된 성보, 불복장 유물과 특별공개'",,,,,생활/문화,종교,Naver
,,,,,생활/문화,종교,Naver
기자간담회 갖는 불교중앙박물관 관장 미등스님,,,,,생활/문화,종교,Naver
"'만월의 빛, 정토의 빛' 기획전 설명하는 미등스님",,,,,생활/문화,종교,Naver
복싱 선수 출신 홍영철 8번째 시집 ‘달구나 장수의 길’ 펴내,,,,,생활/문화,종교,Naver
예장통합바로세우기 “총회 세습자정노력 계속해야”,,,,,생활/문화,종교,Naver
"JMS 다큐 PD ""정명석 너무너무 변태, 성학대 10%만 방송…촬영팀도 공황""",,,,,생활/문화,종교,Naver
감신대 95학번 목회자들이 동기 목회자에게 전한 선물,,,,,생활/문화,종교,Naver
엔데믹 시대엔… 사순절 ‘경건과 절제’ 적극적으로 변해야 한다,,,,,생활/문화,종교,Naver
[가정예배 365-3월 7일] 인생의 가치,,,,,생활/문화,종교,Naver
[이정미 박사의 성경 속 이야기] 엘리야의 능력있는 기도,,,,,생활/문화,종교,Naver
“목포극동방송 도약 통해 더 큰 부흥의 불길 일어나길”,,,,,생활/문화,종교,Naver
[오늘의 설교] 나와 무슨 상관이 있나이까,,,,,생활/문화,종교,Naver
"[시로 읽는 예수의 비유] <1> 빛과 소금, 그리고 등불",,,,,생활/문화,종교,Naver
NCCK “굴욕적인 강제동원 해법 철회하라”,,,,,생활/문화,종교,Naver
"컴패션, 한국교회와 함께 하는 평화통일 사명 재확인",,,,,생활/문화,종교,Naver
"""대법 김하나 목사 지위 인정, 교회법 무력화 우려""",,,,,생활/문화,종교,Naver
"'세계 여성의 날' 맞아 교황 ""남녀 평등하면 세상 더 나아져""",,,,,생활/문화,종교,Naver
‘재한 일본인 선교’ 일본비전교회 창립 15주년,,,,,생활/문화,종교,Naver
이종근 장로 “전도는 불신자 향한 섬김에서 시작된다”,,,,,생활/문화,종교,Naver
'다음세대 살리기위해 학원선교에 집중',,,,,생활/문화,종교,Naver
부산 삼광사 대조사전 낙성식,,,,,생활/문화,종교,Naver
JMS 교회 명단공개 파장…충북서도 6곳 포교활동,,,,,생활/문화,종교,Naver
"조계종 스님들, 종교편향 논란 공수처장 항의 1인 시위",,,,,생활/문화,종교,Naver
[챗GPT 기획 ①] 챗GPT란 무엇인가?,,,,,생활/문화,종교,Naver
[2023 희망을 말한다 ③] 인식 전환 강조하는 이계윤 목사,,,,,생활/문화,종교,Naver
“성장주의 탈피·생태적 사역 모델”...전문가에게서 듣는 ‘공유교회’ 이야기,,,,,생활/문화,종교,Naver
“JMS 정명석 매우 변태적…촬영팀 충격에 앓아누워”,,,,,생활/문화,종교,Naver
"조계종 사회복지재단, 4월 튀르키예 방문 성금 전달",,,,,생활/문화,종교,Naver
"[JMS 쇼크] JMS 교회 명단 온라인 확산…""독특한 특징 있어""",,,,,생활/문화,종교,Naver
조계종 덕숭총림 수덕사 주지에 도신 스님 임명,,,,,생활/문화,종교,Naver
'사찰음식계 스승' 홍승 스님의 채식 요리법 149가지,,,,,생활/문화,종교,Naver
“시대의 언어로 시대의 관심을 반영하는 신학을” 세계적 신학자 김동건 교수,,,,,생활/문화,종교,Naver
"교회개혁실천연대 ""세습반대운동 여기서 끝이 아니다""",,,,,생활/문화,종교,Naver
300살 홍매화의 아름다움 '찰칵'…화엄사 홍매화·들매화 사진 공모전,,,,,생활/문화,종교,Naver
"“TED가 아닌 PED!”…목회 아이디어 공유하는 PED, 7년 만에 열린다",,,,,생활/문화,종교,Naver
화엄사 봄 알리는 홍매화 개화…사진대회·백일장 잇따라,,,,,생활/문화,종교,Naver
"""JMS 정명석 매우 변태적…촬영팀 충격에 앓아누워""",,,,,생활/문화,종교,Naver
"교회협의회, ""尹, 일본에 면죄부 부여하는 굴욕적인 처사"" 징용 해법 규탄",,,,,생활/문화,종교,Naver
"강하자 관장 ""청소년문화의집 20년, 청소년들 성장에 뿌듯""",,,,,생활/문화,종교,Naver
'3만명 전도의 비밀' 저자 이종근 장로 초청 집회,,,,,생활/문화,종교,Naver
"NCCK 정의평화위 ""강제 징용 해법, 굴욕적인 해법"" 철회 촉구",,,,,생활/문화,종교,Naver
‘반사회적 행동 맞는데…’ 일장기목사 내쫓지 못하는 속사정,,,,,생활/문화,종교,Naver
"[JMS 쇼크] ""주님, 반신욕해요"" 선정성에 조성현 PD ""10분의 1도 안 돼"" 항변",,,,,생활/문화,종교,Naver
직장인들이여 깨어나라!,,,,,생활/문화,종교,Naver
"[JMS 쇼크] DKZ 경윤 ""부모님 탈교할 것, 사실 확인 후 경악""",,,,,생활/문화,종교,Naver
사찰음식의 대가 홍승스님이 알려주는 149가지 요리법…매일매일 채식밥상,,,,,생활/문화,종교,Naver
"""한국교회, 여성 권리 신장·양성평등 매진하자""",,,,,생활/문화,종교,Naver
낮은 곳 비춘 지학순 주교 유산 살핀다,,,,,생활/문화,종교,Naver
"이란 당국, 여학생 '가스 테러' 범인 처음 검거…""반정부 세력""(종합)",,,,,생활/문화,종교,Naver
[가정예배 365-3월 8일] 새로운 갈망,,,,,생활/문화,종교,Naver
충현교회 70주년 맞아 ‘온충지신’ 학술 콘퍼런스,,,,,생활/문화,종교,Naver
코로나·자재비 폭등 뚫고 “하나님과 약속 이행” 각오로 성전 시공,,,,,생활/문화,종교,Naver
[오늘의 설교] 태도와 마음먹기,,,,,생활/문화,종교,Naver
[챗GPT 기획 ②] 챗GPT의 장단점과 한국교회에 미칠 영향,,,,,생활/문화,종교,Naver
“참 아름다워라! 하나님 창조세계”…주민 위해 ‘성지·성화 전시관’ 무료 개관,,,,,생활/문화,종교,Naver
[알림] 종교 부문 경력·객원기자 뽑습니다,,,,,생활/문화,종교,Naver
천주교 '사형폐지청원' 7만5천여명 서명받아…13일 국회 제출,,,,,생활/문화,종교,Naver
"대한불교진흥원, 3억4050만원 장학금 전달",,,,,생활/문화,종교,Naver
엄마에 이어 아빠들도 뜨거운 기도 시작했다,,,,,생활/문화,종교,Naver
"대구 이슬람사원 공사장 앞 돼지머리…주민 2명, 검찰로",,,,,생활/문화,종교,Naver
‘강제동원 제3자 배상 방식’ 일본인도 비판한다,,,,,생활/문화,종교,Naver
구례군에 대형 불상이? 지역 교계 “종교 편향 멈춰라”,,,,,생활/문화,종교,Naver
'한일 민간교류 가교' 삼중스님과 이수현 모친의 특별한 만남,,,,,생활/문화,종교,Naver
사형수 대부와 의인 어머니의 만남,,,,,생활/문화,종교,Naver
'한일교류 가교' 삼중스님과 이수현 의인 모친의 특별한 만남,,,,,생활/문화,종교,Naver
'의인' 이수현씨 위해 합장 한 삼중스님,,,,,생활/문화,종교,Naver
"프란치스코 교황 ""남녀 평등하면 세상 더 나아져""",,,,,생활/문화,종교,Naver
“천국과 지옥 정말 있을까” 궁금하다면,,,,,생활/문화,종교,Naver
‘예수 고난 사건서 찾은 위로’ 십자가상칠언 음악회 개최,,,,,생활/문화,종교,Naver
"예장합동 총회, 오는 9월 새 총회총무 뽑는다",,,,,생활/문화,종교,Naver
"신천지, 이만희 이을 유력 후계자 제명하며 내홍 중",,,,,생활/문화,종교,Naver
"“미국서 공부하던 딸, 남녀공용샤워장 사용 보며 우려컸다”",,,,,생활/문화,종교,Naver
"기아대책, 튀르키예∙시리아 난민 구호 위한 ‘콜링캠페인’",,,,,생활/문화,종교,Naver
‘참! 좋은 사랑의 밥차’ 무료 급식 재개,,,,,생활/문화,종교,Naver
"기장 '사순절 DMZ 평화 순례' 마무리…""백두산까지 평화 이어지길""",,,,,생활/문화,종교,Naver
"한국YMCA, 윤석열 정부 일제 강제동원 해법 규탄 ""즉각 폐기하라""",,,,,생활/문화,종교,Naver
,,,,,생활/문화,종교,Naver
"""JMS 지목 PD·통역사, 현재 KBS 제작 관여 안해""(종합)",,,,,생활/문화,종교,Naver
"예장 합동, ""이단사이비 대책 적극 나서겠다""",,,,,생활/문화,종교,Naver
“해외 선교의 가장 중요한 일? 교회를 세우는 것”,,,,,생활/문화,종교,Naver
"[2023 희망을 말한다]  ⑤ 생명·평화의 길 34년 한기양 목사…""어려워도 평화 외쳐야""",,,,,생활/문화,종교,Naver
“그 노회 해체” 세종시 일장기 목사 소속 교단의 결단,,,,,생활/문화,종교,Naver
외국인 최고 영예 ‘몽골 북극성 훈장’ 연이어 받은 동역자,,,,,생활/문화,종교,Naver
‘국제예수전도단’ 커닝햄 목사 폐암4기에 아내가 쓴 글,,,,,생활/문화,종교,Naver
"""美가톨릭 보수단체, '동성애 데이트 앱' 쓰는 성직자 추적""",,,,,생활/문화,종교,Naver
"조계종 사노위, 후쿠시마 원전 오염수 방류 중단 촉구",,,,,생활/문화,종교,Naver
[김국애 원장의 미용 에세이] 그날의 두려움,,,,,생활/문화,종교,Naver
"상월결사 순례단, 쿠시나가르서 기도법회 진행",,,,,생활/문화,종교,Naver
"상월결사 인도순례단, 석가모니 열반지에서 기도법회",,,,,생활/문화,종교,Naver
JMS 탈퇴자 “신도들 집집마다 ‘정명석 영’이 앉는 자리 만들어”,,,,,생활/문화,종교,Naver
"상월결사 인도순례단, 석가모니 열반지에서 기도법회",,,,,생활/문화,종교,Naver
민찬기 목사 국제기아봉사단 대표회장 취임,,,,,생활/문화,종교,Naver
[미션리포트] 반정부 시위· 대마 합법화 등 혼란 겪는 태국,,,,,생활/문화,종교,Naver
"[나의 삶,나의 신앙]원우현(12)철우언론법상 제정…언론분야 최신 법적 쟁점 진단",,,,,생활/문화,종교,Naver
"조계종 사노위, 후쿠시마원전 오염수 해양방류 계획 철회 촉구",,,,,생활/문화,종교,Naver
'PD수첩' 아닌 넷플릭스라서 가능…'나는 신이다' 반향,,,,,생활/문화,종교,Naver
JMS 교회 구별법 등장…'정명석 글씨' 딱 보면 안다,,,,,생활/문화,종교,Naver
상월결사 인도순례단 '689km 도보 정진'…부처 열반한 쿠시나가르 도착,,,,,생활/문화,종교,Naver
"JMS 前부총재 김경천 목사 ""JMS 사람들 용기있게 탈출하길""",,,,,생활/문화,종교,Naver
넷플릭스 다큐 '나는 신이다' 연출한 조성현 PD,,,,,생활/문화,종교,Naver
넷플릭스 다큐 '나는 신이다' 연출한 조성현 PD,,,,,생활/문화,종교,Naver
예장합동 “성경·교회 중심 신앙생활로 이단 경계”,,,,,생활/문화,종교,Naver
"'나는 신이다'PD ""사이비 종교 폐해, 있는 그대로 보여주려 했다""",,,,,생활/문화,종교,Naver
"“왜곡된 인권으로 성문란, 교권 붕괴 초래하는 학생인권조례 폐지해야”",,,,,생활/문화,종교,Naver
"나는신이다 PD ""MBC도 JMS 신도 있지만 마녀사냥 안돼""",,,,,생활/문화,종교,Naver
“8년째…올해 칠순은 꼭 같이” 北억류 목사 아내의 편지,,,,,생활/문화,종교,Naver
[하나님의 Q sign #8] 신유의 기적,,,,,생활/문화,종교,Naver
“현직 PD·통역사도 JMS 신도” KBS 생방송서 폭로…KBS “즉각 진상조사”,,,,,생활/문화,종교,Naver
"""PD·통역사까지…KBS에도 JMS 정명석 비호세력 있다""",,,,,생활/문화,종교,Naver
,,,,,생활/문화,종교,Naver
"한국교회언론회 ""JMS 정명석에 엄정한 형벌 선고하라""",,,,,생활/문화,종교,Naver
"천주교 ""사형폐지특별법, 이제 국회 문턱 넘을 때 됐다""",,,,,생활/문화,종교,Naver
국가와 제주특별자치도를 위한 조찬기도회 열려,,,,,생활/문화,종교,Naver
"청도 사찰 불, 2시간만에 초기 진화…""주변 건물도 타""",,,,,생활/문화,종교,Naver
"프란치스코 교황 즉위 10년, 폭넓은 지지속 내부선 보혁 갈등",,,,,생활/문화,종교,Naver
"김도형 ""JMS 간부들, 늘 키크고 예쁜 20女를 노려…정명석에 성상납하려""",,,,,생활/문화,종교,Naver
[새로 나온 책] 이야기는 힘이 세다,,,,,생활/문화,종교,Naver
[새로 나온 책] 깨어 기도할 수 없겠느냐,,,,,생활/문화,종교,Naver
[새로 나온 책] 엄마 아빠 100일 기도문 필사 노트,,,,,생활/문화,종교,Naver
[새로 나온 책] 롬팔이팔,,,,,생활/문화,종교,Naver
"[새로 나온 책] 아기 새야, 높이 날아올라",,,,,생활/문화,종교,Naver
[저자와의 만남] “신학자·목회자는 과학 발전에 특히 관심 가져야”,,,,,생활/문화,종교,Naver
"“미국에서 공부하던 딸, 남녀공용 샤워실 사용에 어려움 겪었다”",,,,,생활/문화,종교,Naver
[겨자씨] 본받고 싶은 리더십,,,,,생활/문화,종교,Naver
[오늘의 QT] 상처받지 않는 비결,,,,,생활/문화,종교,Naver
올바르게 성실한 노력 지속하면… 그 끝엔 ‘성공’이,,,,,생활/문화,종교,Naver
[역경의 열매] 원응두 (2) 일제시대 학교서 개명 강요… 한겨울엔 맨발 등교까지,,,,,생활/문화,종교,Naver
엄마에 이어… 아빠들도 뜨거운 기도 시작했다,,,,,생활/문화,종교,Naver
"코로나·전쟁, 끝없는 재난 행렬… “요엘서에 답이 있다”… 정신 똑바로 차리고 슬피 울라, 재난 당한 세상을 직면하라, 결국엔 하나님께서 회복하신다",,,,,생활/문화,종교,Naver
[장애인과 함께하는 설교] 하나님의 그림자로 살아가기,,,,,생활/문화,종교,Naver
신기술은 복음전파용… 분별력 갖고 챗GPT 활용을,,,,,생활/문화,종교,Naver
100여명 살린 ‘아프간판 쉰들러 리스트’의 기적,,,,,생활/문화,종교,Naver
[가정예배 365-3월 10일]  생각의 틀,,,,,생활/문화,종교,Naver
[CBS논평] 한국 교회는 한국 사회의 친구가 되어야 - 조주희 목사,,,,,생활/문화,종교,Naver
"충현교회 70주년 학술대회, ""성경기독교 정신 회복해야""",,,,,생활/문화,종교,Naver
"'즉위 10주년' 프란치스코 교황 ""기념선물로 받고 싶은 건 평화""",,,,,생활/문화,종교,Naver
"[포토]백윤영 목사 “오늘날 목회 관점은 무엇보다 목회자의 덕, 인격…”",,,,,생활/문화,종교,Naver
지진·전쟁 고통 받는 시리아·우크라이나에 의약품 생필품 등 긴급 선적,,,,,생활/문화,종교,Naver
"아가동산, '나는 신이다' 방송금지 가처분 신청",,,,,생활/문화,종교,Naver
"CTS문화재단, 박래창 신임 이사장 취임",,,,,생활/문화,종교,Naver
[월드&포토] '즉위 10주년' 프란치스코 교황의 상징적 장면 10가지,,,,,생활/문화,종교,Naver
"[집중취재] 'JMS 옥바라지' 정조은의 변심 ?….""우리 교회만 피해자 7명, 미성년자도 2명""",,,,,생활/문화,종교,Naver
작은교회 세우는 4박자 … ‘말씀·멘토링·교제·전문 세미나’ 있었네,,,,,생활/문화,종교,Naver
"4개 종단, 14일 10·29 이태원 참사 기도회",,,,,생활/문화,종교,Naver
새로 나온 책 / '신학으로 묻고 음악으로 답하다' 외,,,,,생활/문화,종교,Naver
"태영호 의원, 이번엔 SNS 글 논란… 민주당 ""南 분열하러 탈북했나?"" 반발 [e라이프]",,,,,생활/문화,종교,Naver
"천주교 정의평화위 ""한국, 완전한 사형폐지국으로 나아가야""",,,,,생활/문화,종교,Naver
"서울YMCA, 우남 이원철 박사 60주기 기념식 개최한다",,,,,생활/문화,종교,Naver
"""정명석 반경 3m 내 여자들 못오게 막았지만""...JMS 2인자 폭로",,,,,생활/문화,종교,Naver
“설교에 넷플릭스 시리즈물 접목해 보세요”,,,,,생활/문화,종교,Naver
중국판 ‘나는 신이다’ …여신도 성폭행에 380억 횡령한 생불,,,,,생활/문화,종교,Naver
즉위 10년 프란치스코 교황 소망은?,,,,,생활/문화,종교,Naver
한기총·한교연→한교총·한기총 수장으로…통합 급물살?,,,,,생활/문화,종교,Naver
천주교 사형폐지 입법청원 7만5900명 서명…국회 제출,,,,,생활/문화,종교,Naver
"JMS 전 2인자 ""여성 1천여명 결혼도 않고 '하늘의 신부'라며 정명석 곁에""",,,,,생활/문화,종교,Naver
"韓천주교 ""완전한 사형폐지국으로 나가야""…5번째 국회 청원",,,,,생활/문화,종교,Naver
[기고] 1990번째 맞이하는 부활절,,,,,생활/문화,종교,Naver
은혜제일교회 오는 25일 장치혁 작가 초청 북콘서트,,,,,생활/문화,종교,Naver
기윤실 ‘2023 청년희망재무상담소 윙즈’ 참가자 모집,,,,,생활/문화,종교,Naver
"한섬공동체, 미래 목회자 위해 코칭 세미나 개최",,,,,생활/문화,종교,Naver
"이영훈 목사 ""애즈베리 부흥과 순복음교회 부흥은 닮은 꼴…한국에도 퍼질 것""",,,,,생활/문화,종교,Naver
CTS문화재단 이사장에 소망교회 박래창 장로,,,,,생활/문화,종교,Naver
,,,,,생활/문화,종교,Naver
"한국 천주교회, 사형폐지·대체형벌 도입 입법청원 기자회견",,,,,생활/문화,종교,Naver
"한국 천주교회, 사형폐지·대체형벌 도입 입법청원 기자회견",,,,,생활/문화,종교,Naver
"한국 천주교회, 사형폐지·대체형벌 도입 입법청원 기자회견",,,,,생활/문화,종교,Naver
"한국 천주교회, 사형폐지·대체형벌 도입 입법청원 기자회견",,,,,생활/문화,종교,Naver
“교회 봉사 탓에 주말 여행도 언감생심”,,,,,생활/문화,종교,Naver
팔레스타인에서 만난 ‘하나님’…AWMJ 200번째 국가 선교기념 대회,,,,,생활/문화,종교,Naver
"JMS 예수액자 부순 강지섭 ""다시는 피해자 없길""",,,,,생활/문화,종교,Naver
"배우 신애라·차인표 부부, 가수 아이유의 선한 기부",,,,,생활/문화,종교,Naver
지학순 주교 선종 30주기 추모미사 '민주화 역사의 빛',,,,,생활/문화,종교,Naver
"즉위 10주년 맞는 프란치스코 교황 ""교황직, 쉬운 일 아냐""",,,,,생활/문화,종교,Naver
"""나치 독재 같다"" 교황 작심 비판에 니카라과 ""외교관계 단절""",,,,,생활/문화,종교,Naver
[부활의 주를 만난 사람들] 감정표현 사랑표현도 제대로 못하는 감성 제로녀 부활 믿고 주 안에서 뜨겁게 사랑하는 자로 변화,,,,,생활/문화,종교,Naver
"[부활의 주를 만난 사람들] 이유 없는 두려움과 공포에 떨며 염려 속에 살다 주님 영접하고 염려에서 해방, 진정한 자유 얻어",,,,,생활/문화,종교,Naver
[우리 교회 소식] 충남 천안중앙교회,,,,,생활/문화,종교,Naver
[우리 교회 소식] 대전 함께하는교회,,,,,생활/문화,종교,Naver
[우리 교회 소식] 대구 광진중앙교회,,,,,생활/문화,종교,Naver
[우리 교회 소식] 경기도 부천 참빛교회,,,,,생활/문화,종교,Naver
[우리 교회 소식] 강원도 강릉중앙감리교회,,,,,생활/문화,종교,Naver
[우리 교회 소식] 서울 영은교회,,,,,생활/문화,종교,Naver
[우리 교회 소식] 부산 호산나교회,,,,,생활/문화,종교,Naver
[우리 교회 소식] 서울 천호동교회,,,,,생활/문화,종교,Naver
[우리 교회 소식] 대전중앙교회,,,,,생활/문화,종교,Naver
[우리 교회 소식] 전남 무안 몽탄중앙교회,,,,,생활/문화,종교,Naver
[우리 교회 소식] 경기도 성남 만나교회,,,,,생활/문화,종교,Naver
[가정예배 365-3월 13일] 즉각적인 유혹,,,,,생활/문화,종교,Naver
"기아대책, 지진 난민 돕기 미주 한인교회서 콜링캠페인",,,,,생활/문화,종교,Naver
[오늘의 설교] 영적으로 고갈됐을 때,,,,,생활/문화,종교,Naver
‘감리교회 세계선교대회’ 내달 23일 개막,,,,,생활/문화,종교,Naver
[오늘의 QT] 해가 지도록 분을 품지 말고,,,,,생활/문화,종교,Naver
"국제독립교회연합회, 튀르키예·시리아에 긴급구호 모금 캠페인 통해 1440만원 기부",,,,,생활/문화,종교,Naver
"[나의 삶,나의 신앙]원우현(14)죽을 고비 넘은 탈북민 숨결 느낄 수 있었다.",,,,,생활/문화,종교,Naver
"KWMA, 오는 6월 엔코위에 제3세계 선교지도자 초정",,,,,생활/문화,종교,Naver
"월드비전, 에너지 비용 상승에 추가 난방비 지원 사업 전개",,,,,생활/문화,종교,Naver
예장 고신·대신·합신 총회 임원 수련회 개최,,,,,생활/문화,종교,Naver
法 “성 전환 수술 없이 성별 정정 허가”,,,,,생활/문화,종교,Naver
언론 이용하고 모략 포교 강화하고...더 독해진 신천지,,,,,생활/문화,종교,Naver
"JMS 이어 신천지 핵심 간부 성폭행 의혹…""성폭행사건 조직적 은폐 제보""",,,,,생활/문화,종교,Naver
“외로운 섬 마을 사역 서로 보듬은 지 20년”,,,,,생활/문화,종교,Naver
고시영 세기총 전 대표회장 소천,,,,,생활/문화,종교,Naver
"김 의장, 유흥식 추기경 만나 ""2027년 세계청년대회 유치 지원""",,,,,생활/문화,종교,Naver
[단독] JMS 흔적 지우기?…교회·병원에 정명석 필체 사라졌다,,,,,생활/문화,종교,Naver
"'군주민수' 외친 종교인들, ""이태원참사 尹 이제라도 사과해야""",,,,,생활/문화,종교,Naver
4대 종단 “10·29 참사 대통령이 사과하라”,,,,,생활/문화,종교,Naver
"부안해양경찰서, 내소사와 직원 정서안정 심리프로그램 운영",,,,,생활/문화,종교,Naver
“대구 동화사 방장에 승적 박탈된 서의현 스님 추대 반대”,,,,,생활/문화,종교,Naver
한반도 평화 위해 기도하는 목회자들,,,,,생활/문화,종교,Naver
"4대 종단 ""윤 대통령, 이태원 참사 유가족 만나 사과해야""",,,,,생활/문화,종교,Naver
"“윤 대통령, 이태원 참사 유가족 절절한 외침 외면 말라”",,,,,생활/문화,종교,Naver
"이덕환 교수, 기독문화선교회 ‘신바람 힐링’ 강사 위촉",,,,,생활/문화,종교,Naver
정필도 목사 소천 1주기 “선교 정신 잇는다”,,,,,생활/문화,종교,Naver
[포토]‘미용실 전도왕’ 김복희 목사…경로당 어르신과 함께 찬양을 ♪♬,,,,,생활/문화,종교,Naver
"‘100년의 신앙인’ 김형석 교수의 일갈, “오직 주님”",,,,,생활/문화,종교,Naver
'만월의 빛 정토의 빛'에서 만나는 금동약사여래좌상 [뉴시스Pic],,,,,생활/문화,종교,Naver
"4개 종교단체 ""尹대통령, 이태원참사 유가족 면담하고 사과해야""",,,,,생활/문화,종교,Naver
불교중앙박물관  '만월의 빛 정토의 빛' 개막,,,,,생활/문화,종교,Naver
장곡사 금동약사여래좌상 살펴보는 총무원장 진우스님-조계사 주지 지현스님,,,,,생활/문화,종교,Naver
불교중앙박물관 '만월의 빛 정토의 빛' 개막,,,,,생활/문화,종교,Naver
불교중앙박물관  '만월의 빛 정토의 빛' 개막,,,,,생활/문화,종교,Naver
불교중앙박물관  '만월의 빛 정토의 빛' 개막,,,,,생활/문화,종교,Naver
불교중앙박물관  '만월의 빛 정토의 빛' 개막,,,,,생활/문화,종교,Naver
불교중앙박물관 기획전 '만월의 빛 정토의 빛' 개막,,,,,생활/문화,종교,Naver
장곡사 금동약사여래좌상 살펴보는 총무원장 진우스님,,,,,생활/문화,종교,Naver
불교중앙박물관 기획전 '만월의 빛 정토의 빛' 개막,,,,,생활/문화,종교,Naver
불교중앙박물관 기획전 '만월의 빛 정토의 빛' 개막,,,,,생활/문화,종교,Naver
불교중앙박물관  '만월의 빛 정토의 빛' 개막,,,,,생활/문화,종교,Naver
불교중앙박물관 기획전 '만월의 빛 정토의 빛' 개막,,,,,생활/문화,종교,Naver
불교중앙박물관  '만월의 빛 정토의 빛' 개막,,,,,생활/문화,종교,Naver
불교중앙박물관 '만월의 빛 정토의 빛' 개막,,,,,생활/문화,종교,Naver
불교중앙박물관  '만월의 빛 정토의 빛' 개막,,,,,생활/문화,종교,Naver
불교중앙박물관 '만월의 빛 정토의 빛' 개막,,,,,생활/문화,종교,Naver
불교중앙박물관 기획전 '만월의 빛 정토의 빛' 개막,,,,,생활/문화,종교,Naver
불교중앙박물관 '만월의 빛 정토의 빛' 개막,,,,,생활/문화,종교,Naver
[EP5]번역기가 고장나면 마음이 닫힌(다친)다[개척자 비긴즈],,,,,생활/문화,종교,Naver
온화한 아름다움 개운사 목조아미타여래좌상,,,,,생활/문화,종교,Naver
불교중앙박물관 기획전 '만월의 빛·정토의 빛',,,,,생활/문화,종교,Naver
불교중앙박물관 기획전 '만월의 빛·정토의 빛',,,,,생활/문화,종교,Naver
온화한 빛 내는 개운사 목조아미타여래좌상,,,,,생활/문화,종교,Naver
'불교 유물들이 한 자리에',,,,,생활/문화,종교,Naver
마음 다스리게 되는 '목조아미타여래좌상',,,,,생활/문화,종교,Naver
전시 개막식 참석한 이원종,,,,,생활/문화,종교,Naver
불교중앙박물관 기획전 '만월의 빛·정토의 빛',,,,,생활/문화,종교,Naver
불교중앙박물관 기획전 '만월의 빛·정토의 빛',,,,,생활/문화,종교,Naver
'만월의 빛 정토의 빛' 기획전,,,,,생활/문화,종교,Naver
전시된 장곡사 금동약사여래좌상,,,,,생활/문화,종교,Naver
전시된 장곡사 금동약사여래좌상,,,,,생활/문화,종교,Naver
불교중앙박물관 기획전 둘러보는 진우스님,,,,,생활/문화,종교,Naver
전시된 개운사 목조아미타여래좌상,,,,,생활/문화,종교,Naver
전시된 개운사 목조아미타여래좌상,,,,,생활/문화,종교,Naver
개운사 아미타부처님 복장유물 살펴보는 참석자들,,,,,생활/문화,종교,Naver
장곡사 발원문 살펴보는 조계종 총무원장 진우 스님,,,,,생활/문화,종교,Naver
금동약사여래좌상 살펴보는 조계종 총무원장 진우 스님,,,,,생활/문화,종교,Naver
기획전 관람하는 조계종 총무원장 진우 스님,,,,,생활/문화,종교,Naver
목조보살좌상 살펴보는 조계종 총무원장 진우 스님,,,,,생활/문화,종교,Naver
불교중앙박물관 기획전 보는 진우스님,,,,,생활/문화,종교,Naver
국보 금동약사여래좌상 살펴보는 진우 스님,,,,,생활/문화,종교,Naver
"불교중앙박물관, '만월의 빛 정토의 빛' 기획전 개최",,,,,생활/문화,종교,Naver
"국보급 부처님 몸속엔 뭐가 들었나…불교박물관 기획전 '만월의 빛, 정토의 빛'",,,,,생활/문화,종교,Naver
"개신교·불교·원불교·천주교 ""대통령, 유가족 면담과 공식사과"" 촉구",,,,,생활/문화,종교,Naver
“침체된 한국교회에 성장 한계 뛰어넘는 제3 성령운동 일으켜야”,,,,,생활/문화,종교,Naver
"대전지검 ""JMS 정명석 성폭행 피해자 출석 예정…신변보호 주력""",,,,,생활/문화,종교,Naver
“이 땅을 고쳐주옵소서!” 팔레스타인서 울려 퍼진 평화 통일 기도회,,,,,생활/문화,종교,Naver
"늘어나는 커밍아웃…""난 JMS 2세, 자아생기고 탈퇴"" 유명 인스타 빵집 대표의 고백 [e라이프]",,,,,생활/문화,종교,Naver
JMS 내부 총질?…“교주 반경 3m에 여자 못 오게 했다”,,,,,생활/문화,종교,Naver
석굴암서 영감받은 ‘14사도화’ … 동·서양이 함께 빚은 ‘성미술 보고’[장재선 선임기자의 예술 순례],,,,,생활/문화,종교,Naver
"""대법에 낸 것 크게 기여했다""…관계자 진술로 본 'JMS 검사'의 '활약상'",,,,,생활/문화,종교,Naver
"다큐에 손 뻗은 OTT…범죄 묘사에 ""현실 고발"" vs ""노골적 연출""",,,,,생활/문화,종교,Naver
"아가동산, '나는 신이다' 방송금지 가처분 신청",,,,,생활/문화,종교,Naver
'JMS' 논란이 남긴 물음표…명문대생·고위층까지 '왜' 빠져들었나,,,,,생활/문화,종교,Naver
[가정예배 365-3월 14일] 감사의 의미,,,,,생활/문화,종교,Naver
“하나님이 당신에 대해 좋은 계획 갖고 계심을 의심하지 말라”,,,,,생활/문화,종교,Naver
기독교반성폭력센터 ‘교회성폭력 예방교육’ 개최,,,,,생활/문화,종교,Naver
"이태원참사를 기억하는 그리스도인들, ""하나님의 때 기다리며 끝까지 연대""",,,,,생활/문화,종교,Naver
'사랑의 긍휼 사역'으로 지역 섬기는 건강한 교회,,,,,생활/문화,종교,Naver
사순절 어르신 사랑의 밥퍼 잔치,,,,,생활/문화,종교,Naver
"부지 매입, 젊은층 포교로 교세 확장 ‘하나님의교회’",,,,,생활/문화,종교,Naver
"에하드(히브리어 '하나, 통일된' 의미)…안수민·박혜성 남북 크리스천 작가 2인전",,,,,생활/문화,종교,Naver
오늘의 운세 2023년 3월 16일 木(음력 2월 25일),,,,,생활/문화,종교,Naver
"한신대, 노숙인 위한 '다시서기 인문학 교육' 입학식",,,,,생활/문화,종교,Naver
“주머니 쌈짓돈에 장학금까지...” 한국에서 받은 사랑 튀르키예로,,,,,생활/문화,종교,Naver
"WCC, 110개국 350여 회원교회에 '한반도 종전평화캠페인' 동참 촉구",,,,,생활/문화,종교,Naver
대현동 이슬람 사원 앞 돼지머리 다섯달만에 사라졌다,,,,,생활/문화,종교,Naver
"시민사회, ""한일정상회담, 역사 앞에 부끄럽지 않게 당당히 요구하라""",,,,,생활/문화,종교,Naver
재일 조선인 차별·아픔 치유 위해 합심 기도,,,,,생활/문화,종교,Naver
“봄의 교향악을 다시 듣고 싶습니다”,,,,,생활/문화,종교,Naver
[포토]애터미 박한길 회장 한동대서 경영특강…소외 이웃 위한 삶·신앙 간증,,,,,생활/문화,종교,Naver
JMS 내부 분열 “두렵지만 진실 쳐다봐야”vs“거짓된 혀로 정명석 음해말라”,,,,,생활/문화,종교,Naver
[그래픽] 성탄절·석가탄신일 대체공휴일 확대 적용,,,,,생활/문화,종교,Naver
"5월에 사흘연휴 생긴다…대체공휴일, 성탄절·석가탄신일 확대",,,,,생활/문화,종교,Naver
“예배가려면 주민번호 싹 적어야” 中종교앱 박해 논란,,,,,생활/문화,종교,Naver
뮤어 선교사 개척 강화임마누엘농아인교회 40주년 예배,,,,,생활/문화,종교,Naver
"[포토]美 DBU 교수·학생, 북한 땅 바라보며 평화통일 기도",,,,,생활/문화,종교,Naver
"한신대, 미래 목회자 양성하는 교학협력센터 출범",,,,,생활/문화,종교,Naver
결혼한 부부 또 줄었다…19만으로 역대 최소 [아있세],,,,,생활/문화,종교,Naver
[단독]JMS 측 관계자 “‘50번’은 설사” 주장 정황 파문…2차 가해 우려,,,,,생활/문화,종교,Naver
"""이완용은 웃고, 유관순 열사는 통곡한다"" 서대문형무소 현수막거리 조성",,,,,생활/문화,종교,Naver
"천주교주교회의, 튀르키예·시리아 지진 피해 42억 원 모금",,,,,생활/문화,종교,Naver
'드러머 리노'아티스트 최초 XR 애플리케이션 선보여,,,,,생활/문화,종교,Naver
선교사 자녀에 몹쓸짓…日기독학교가 뒤늦게 피해자에 사과한 방식,,,,,생활/문화,종교,Naver
"교원단체 ""학급 수 기준 교원 수급, 사회적 협의체 구성 촉구”",,,,,생활/문화,종교,Naver
"""교회서 누가 가장 권위가 있나"" 교황의 즉문즉답은?",,,,,생활/문화,종교,Naver
"김기현, 조계종 예방…""배려·존중 위한 노력, 수시로 가르쳐달라""",,,,,생활/문화,종교,Naver
"두상달 장로 “차금법, 저출산 정책과 배치”",,,,,생활/문화,종교,Naver
“미국 애즈버리의 부흥 한국에서도”,,,,,생활/문화,종교,Naver
"김기현, 조계종 총무원장 진우스님 예방 [뉴시스Pic]",,,,,생활/문화,종교,Naver
"김기현, 조계종 예방",,,,,생활/문화,종교,Naver
조계종 총무원장 진우스님 예방한 김기현 대표,,,,,생활/문화,종교,Naver
"김기현, 조계종 예방",,,,,생활/문화,종교,Naver
"김기현, 조계종 총무원장 진우스님 예방",,,,,생활/문화,종교,Naver
"김기현, 조계종 총무원장 진우스님 예방",,,,,생활/문화,종교,Naver
"김기현, 조계종 총무원장 진우스님 예방",,,,,생활/문화,종교,Naver
김기현 대표 면담하는 조계종 총무원장 진우스님,,,,,생활/문화,종교,Naver
"김기현, 조계종 총무원장 진우스님 예방",,,,,생활/문화,종교,Naver
합장으로 인사하는 김기현,,,,,생활/문화,종교,Naver
조계종 총무원장 진우스님 예방한 김기현 대표,,,,,생활/문화,종교,Naver
조계종 총무원장 진우스님 예방한 김기현 대표,,,,,생활/문화,종교,Naver
조계종 총무원장 진우스님 예방한 김기현 대표,,,,,생활/문화,종교,Naver
조계종 총무원장 진우스님 예방한 김기현 대표,,,,,생활/문화,종교,Naver
"김기현, 조계종 총무원장 진우스님 예방",,,,,생활/문화,종교,Naver
"김기현, 조계종 총무원장 진우스님 예방",,,,,생활/문화,종교,Naver
"김기현, 조계종 총무원장 진우스님 예방",,,,,생활/문화,종교,Naver
합장으로 인사하는 김기현,,,,,생활/문화,종교,Naver
"우리가 본, 보고 싶은, 본이 되려는 교회를 만나다",,,,,생활/문화,종교,Naver
"김기현, 조계종 예방…진우스님 ""국민 원하는 것 살펴서 해달라""",,,,,생활/문화,종교,Naver
국민일보 제13회 신춘문예 신앙시 공모 대상에 정재희 ‘견출지',,,,,생활/문화,종교,Naver
‘성령의 바람이 불어온다’…하디의 ‘영적 각성’ 120주년 기리는 행사들,,,,,생활/문화,종교,Naver
엘드림노인대학 개강 및 밥사랑 잔치,,,,,생활/문화,종교,Naver
[김국애 원장의 미용 에세이] 부모는 가정의 청지기,,,,,생활/문화,종교,Naver
"조계종 총무원장 ""장애인 이동권 사회적 공감대 형성해야""",,,,,생활/문화,종교,Naver
"[게시판] 우리은행·우리카드, 천주교와 모바일 봉헌서비스 출시",,,,,생활/문화,종교,Naver
"인권위원장 ""'대구 모스크' 혐오·차별 멈춰야""",,,,,생활/문화,종교,Naver
"""혹시 이단?""…JMS 불똥에 부산서 교회 경계 확산",,,,,생활/문화,종교,Naver
[이호영 교수의 ESG와 기독교-15] ESG경영을 통한 십일조 정신의 실천 사례 ③ Walmart,,,,,생활/문화,종교,Naver
순례객 감동시킨 ‘베데스다 연못’의 작은 음악회…“주 안에 우린 하나”,,,,,생활/문화,종교,Naver
"교회 장로 김기현, 오늘 첫 종교계 예방으로 조계사",,,,,생활/문화,종교,Naver
지난날 겪은 아픔이 약 됐다… 멘티 마음까지 보듬는 이들,,,,,생활/문화,종교,Naver
"“자립준비 청년 촘촘하게 지원, 사각지대 줄여야”",,,,,생활/문화,종교,Naver
"교황 ""수녀·어린이·주교 수직관계 아닌 모두 평등한 존재""",,,,,생활/문화,종교,Naver
[가정예배 365-3월 16일] 인생 코치,,,,,생활/문화,종교,Naver
정필도 목사 별세 1주기… 수영로교회 19일 추모 행사 개막,,,,,생활/문화,종교,Naver
대구동신교회 내달 전국 목회자 대상 ‘생명사역 콘퍼런스’,,,,,생활/문화,종교,Naver
[오늘의 설교] 변치 않는 진리와 우리의 믿음,,,,,생활/문화,종교,Naver
“아프리카서 의료·선교·봉사활동… 진정한 글로벌화 이룰 것”,,,,,생활/문화,종교,Naver
“고국 찾은 한인 선교사에게 머물 곳을” 웨사본·아현교회 손잡고 숙소 재단장,,,,,생활/문화,종교,Naver
“선하신 하나님은 악과도 합력하여 선을 이뤄내”,,,,,생활/문화,종교,Naver
탈북청소년 학생들 “받은 감사를 튀르키예로”… 쌈짓돈·장학금 모아 쾌척,,,,,생활/문화,종교,Naver
[역경의 열매] 원응두 (6) 뒤늦게 현역 입대했지만 몸 약해 1년 넘게 병원 신세,,,,,생활/문화,종교,Naver
[오늘의 QT] 기도의 힘,,,,,생활/문화,종교,Naver
[겨자씨] 좋은 표현,,,,,생활/문화,종교,Naver
“겉과 속 다른 위선자 때문에 기독교 신앙 의심한다”,,,,,생활/문화,종교,Naver
"“교회 가려면 개인정보 싹 적어라”… 中 허난성, 종교 앱 등록 강요",,,,,생활/문화,종교,Naver
