"유니클로, Uniqlo U 2023 SS 컬렉션 2월 10일 출시",,,,,생활/문화,패션/뷰티,Naver
‘슈스스’ 한혜연 라방 뜬다...한컬렉션과 손잡고 ‘K패션’ 판매,,,,,생활/문화,패션/뷰티,Naver
제니·슬램덩크 ‘디깅러 세상’ 왔다…불황속 신인류 “행복하게 살래” [언박싱],,,,,생활/문화,패션/뷰티,Naver
"'내 몸 긍정주의'…""빅사이즈 레깅스도 잘나가""",,,,,생활/문화,패션/뷰티,Naver
'마스크 프리' 효과 색조화장품 매출 두배로,,,,,생활/문화,패션/뷰티,Naver
“유니클로에서 봄 트렌치코트 살까?”… U 2023 SS 컬렉션 10일 출시,,,,,생활/문화,패션/뷰티,Naver
"동안의 비결, 얼굴 살 빼기…요령이 필요하다",,,,,생활/문화,패션/뷰티,Naver
"코로나에 온라인 반품도 급증…자라, 스페인서 전액환불 폐지",,,,,생활/문화,패션/뷰티,Naver
“‘츄리닝’은 일상복”,,,,,생활/문화,패션/뷰티,Naver
‘마스크 프리’ 효과 … 색조화장품 매출 두배로,,,,,생활/문화,패션/뷰티,Naver
“하하 골프예능에 매출 쑥?”...홈쇼핑 ‘콘텐츠 커머스’ 사활,,,,,생활/문화,패션/뷰티,Naver
"한 컬렉션, 스타일리스트 한혜연과 K패션 알린다",,,,,생활/문화,패션/뷰티,Naver
"디올 뷰티, 디올 하우스 대표 향수 기프팅 셀렉션 선봬",,,,,생활/문화,패션/뷰티,Naver
"한 컬렉션, 라이브 커머스로 K패션 알리기에 나선다",,,,,생활/문화,패션/뷰티,Naver
"한 컬렉션, 스타일리스트 한혜연과 라이브 방송…""K패션 알린다""",,,,,생활/문화,패션/뷰티,Naver
"한 컬렉션, 라이브 커머스 그립 통해 스타일리스트 한혜연과 K패션 알리기 적극 나서",,,,,생활/문화,패션/뷰티,Naver
"마스크 해제에 화장 시작…신세계인터, 색조 매출 '껑충'",,,,,생활/문화,패션/뷰티,Naver
"유니클로, Uniqlo U 2023 SS 컬렉션 2월 10일 출시",,,,,생활/문화,패션/뷰티,Naver
"브루노바피 캐주얼, 3040에 통했다",,,,,생활/문화,패션/뷰티,Naver
"디아모모(DIA MOMO), 10 꼬르소 꼬모 서울에서 팝업스토어 운영",,,,,생활/문화,패션/뷰티,Naver
"'실적 부진' LG생활건강, 지난해 성과급 '뚝'…온라인서 불만 폭주",,,,,생활/문화,패션/뷰티,Naver
"LF 트라이씨클, W컨셉 출신 황재익 대표이사 선임",,,,,생활/문화,패션/뷰티,Naver
"LF 트라이씨클, 새 수장에 황재익 전 W컨셉 대표 선임",,,,,생활/문화,패션/뷰티,Naver
“염색 일주일 만에 광택이 사라졌다” 컬러 오래 가는 7가지 관리법,,,,,생활/문화,패션/뷰티,Naver
"애경산업, 지난해 영업익 391억원…전년비 60.4% ‘껑충’",,,,,생활/문화,패션/뷰티,Naver
"애경산업, 지난해 영업익 391억원…""디지털·포트폴리오 다변화 주효""",,,,,생활/문화,패션/뷰티,Naver
아모레 바닥 다졌지만 LG생건 바닥 뚫었다,,,,,생활/문화,패션/뷰티,Naver
"LF 트라이씨클, 황재익 신임 대표이사 선임",,,,,생활/문화,패션/뷰티,Naver
"애경산업, 지난해 영업이익 391억원…전년비 60.4% 증가(상보)",,,,,생활/문화,패션/뷰티,Naver
"메트로시티, SWEET Valentine's 프로모션 진행",,,,,생활/문화,패션/뷰티,Naver
"애경산업, 지난해 4분기 영업익 118억5000만원…전년비 151.9% 증가 (1보)",,,,,생활/문화,패션/뷰티,Naver
"제론바이오-아씨오, PDRN 주름개선 신제품 ‘소듐디엔에이크림’ 롯데홈쇼핑 첫 론칭",,,,,생활/문화,패션/뷰티,Naver
"교원그룹, 학습 격차 없는 교육환경을 위한 사회적 책임 실천",,,,,생활/문화,패션/뷰티,Naver
"구구스 “중고 명품 , 감정사가 상태 등급도 판별해 객관성 확보”  ",,,,,생활/문화,패션/뷰티,Naver
"신원 여성복 씨, 모델테이너 송해나 전속모델 발탁",,,,,생활/문화,패션/뷰티,Naver
"소다, ‘남성 플레인 더비 로퍼’ 공개 “계절 사이 현명한 선택”",,,,,생활/문화,패션/뷰티,Naver
아이들의 옷에 봄이 왔어요,,,,,생활/문화,패션/뷰티,Naver
"‘호모 모투스’가 뜬다…레드페이스, 오버핏 아우터 선봬",,,,,생활/문화,패션/뷰티,Naver
"휴이엠컴퍼니, 헤어모델 전문기획사 '에비니어 아트테인먼트' 본격 확장",,,,,생활/문화,패션/뷰티,Naver
"해피문데이, 여성용 기능성 팬티 ‘라이너팬티’ 출시",,,,,생활/문화,패션/뷰티,Naver
이 녀석 수포자야?…수능 봤더니 영어 2등급 수학 9등급,,,,,생활/문화,패션/뷰티,Naver
명품 결혼반지가 뭐라고…가격인상 소식에 백화점 앞 ‘장사진’ 친 예비부부,,,,,생활/문화,패션/뷰티,Naver
"네이버냐, 무신사냐…어쩌다 둘은 ‘물밑 전쟁’ 벌이게 됐나 [언박싱]",,,,,생활/문화,패션/뷰티,Naver
"“매일 밤 12시 업계 최저가 도전”… G마켓, ‘LG그램·갤럭시북3’ 등 가전 할인",,,,,생활/문화,패션/뷰티,Naver
남성도 치마·원피스…'젠더플루이드'가 뜬다,,,,,생활/문화,패션/뷰티,Naver
"“치마·레깅스, ‘녀’만 입으라는 법 있니?”…‘젠더플루이드’ 패션이 뜬다",,,,,생활/문화,패션/뷰티,Naver
"코리아나, 영업이익 전년비 74.5% 감소…""중국 봉쇄조치 영향""",,,,,생활/문화,패션/뷰티,Naver
“밸런타인에 무드 조명 선물 어때요?”…히트조명 89% 할인,,,,,생활/문화,패션/뷰티,Naver
"세정그룹 웰메이드, 브랜드 모델로 배우 남궁민 발탁",,,,,생활/문화,패션/뷰티,Naver
"아씨오, 높은 소비자 호평 속, 2번째 PDRN 론칭 “명품 뷰티 시장 주목”",,,,,생활/문화,패션/뷰티,Naver
'패션 1세대' 앙드레김·최경자·노라노의 옷…공예박물관 전시,,,,,생활/문화,패션/뷰티,Naver
'패션 1세대' 앙드레김·최경자·노라노의 옷…공예박물관 전시,,,,,생활/문화,패션/뷰티,Naver
"교원그룹, 자체 창작TV 애니메이션 ‘소스리아’ 공중파TV진출",,,,,생활/문화,패션/뷰티,Naver
"세정그룹, 웰메이드 모델로 배우 남궁민 발탁",,,,,생활/문화,패션/뷰티,Naver
"네시픽, 스트레이 키즈 콜라보 '비건 핸드 버터 8종' 출시",,,,,생활/문화,패션/뷰티,Naver
"삼성물산 패션 코텔로, 더현대서울에 팝업스토어 오픈",,,,,생활/문화,패션/뷰티,Naver
"올리브영, 자체 매거진 낸다…""콘텐츠 플랫폼 발돋움""",,,,,생활/문화,패션/뷰티,Naver
"SGC솔루션, ‘독일 암비엔테(Ambiente) 2023’ 참가",,,,,생활/문화,패션/뷰티,Naver
“잡지 대신 인스타 봐요”…‘인플루언서’ 마케팅 힘주는 패션가,,,,,생활/문화,패션/뷰티,Naver
"락앤락, ‘리틀럽 키즈 스트랩 텀블러’ 출시",,,,,생활/문화,패션/뷰티,Naver
여성들 마스크 벗었더니…백화점서 불티나게 팔린 제품 [현장+],,,,,생활/문화,패션/뷰티,Naver
"‘샴푸 유목민’이 만들었다…“3만7천원 탈모샴푸, MZ 홀렸죠” [인터뷰]",,,,,생활/문화,패션/뷰티,Naver
"코스맥스, 화장품 사용감 예측 '텍스처 표준 측정' 기술 개발",,,,,생활/문화,패션/뷰티,Naver
"""30·40 남성 모여라"" 현대홈쇼핑, 男心 공략",,,,,생활/문화,패션/뷰티,Naver
옷부터 신발·비누까지 … 식지 않는 비건 열풍,,,,,생활/문화,패션/뷰티,Naver
"한섬, 지난해 영업익 1683억원…""고가 브랜드 고신장세""",,,,,생활/문화,패션/뷰티,Naver
"한섬, 지난해 고물가 악재 딛고 최고 실적",,,,,생활/문화,패션/뷰티,Naver
“아직도 안 써봤니?” 옷부터 신발 비누까지…생활용품에 부는 바람은,,,,,생활/문화,패션/뷰티,Naver
,,,,,생활/문화,패션/뷰티,Naver
“GD가 88명 주려고 만든 그 운동화?” 4천만원에 팔린 신발,,,,,생활/문화,패션/뷰티,Naver
"메트로시티 주얼리, 23SS 아넬로(ANELLO) 컬렉션 론칭",,,,,생활/문화,패션/뷰티,Naver
"생명공학기업 제론바이오, 기술력 집약체인 Z-PDRN 출원을 통해 사업 다각화 시동",,,,,생활/문화,패션/뷰티,Naver
"무신사, 패션 장학생 3기 공개 모집",,,,,생활/문화,패션/뷰티,Naver
"무신사, 패션 장학생 3기 공개 모집···차세대 패션 디자이너 양성",,,,,생활/문화,패션/뷰티,Naver
명품도 아닌데 ‘오픈런’ 부른 마뗑킴…“일주일만에 매출 5억”,,,,,생활/문화,패션/뷰티,Naver
"MCM, 2023 밸런타인데이 업사이클링 컬렉션 선봬",,,,,생활/문화,패션/뷰티,Naver
"마뗑킴, 더현대 서울에 단독 매장 오픈…""일주일만에 매출 5억 달성""",,,,,생활/문화,패션/뷰티,Naver
"세라젬, ‘웰라이프 멤버십’ 개편... 헬스케어 플랫폼 기능 강화",,,,,생활/문화,패션/뷰티,Naver
"디지털 코스맥스, AI로 화장품 사용감 표준 만들다",,,,,생활/문화,패션/뷰티,Naver
"대원미디어, 유희왕 오피셜 카드게임 ‘더 로스트 아트 프로모션’진행",,,,,생활/문화,패션/뷰티,Naver
'그래미'서 37억 귀걸이 착용한 美 가수…33세 '영 앤 리치',,,,,생활/문화,패션/뷰티,Naver
"애들아, 학교 갈 준비하자",,,,,생활/문화,패션/뷰티,Naver
"샤넬코리아, 한국동서발전과 온실가스 감축 위한 업무협약 체결",,,,,생활/문화,패션/뷰티,Naver
"경기침체에도 백화점·마트 ‘선방’…롯데쇼핑, 작년 영업익 89.9%↑",,,,,생활/문화,패션/뷰티,Naver
"홈앤쇼핑, 더마화장품 니즈 '업'…CNP 크림 리뉴얼 론칭",,,,,생활/문화,패션/뷰티,Naver
“백화점 덕에”...롯데쇼핑 신세계 동반 호실적,,,,,생활/문화,패션/뷰티,Naver
"[패션뉴스] 프로젝트엠, ‘문베어’ 이모티콘 5만명에 배포",,,,,생활/문화,패션/뷰티,Naver
"[정지원의 피부 이야기] 눈밑, 눈가 주름 간단한 시술로 10년 젊게",,,,,생활/문화,패션/뷰티,Naver
"고운세상코스메틱, '피부건강 나눔 챌린지' 진행",,,,,생활/문화,패션/뷰티,Naver
"신세계인터, 지난해 영업이익 첫 1000억원 돌파 '사상 최대'",,,,,생활/문화,패션/뷰티,Naver
"""전 부문 성장에 역대 최대 실적"" 신세계인터, 영업익 첫 1000억원 돌파(상보)",,,,,생활/문화,패션/뷰티,Naver
"김해김(KIMHEKIM), 청담 플래그십 스토어 오픈",,,,,생활/문화,패션/뷰티,Naver
"지그재그, 워터스포츠 브랜드 '배럴' 공식 입점",,,,,생활/문화,패션/뷰티,Naver
초콜릿 대신 립밤 선물 해볼까,,,,,생활/문화,패션/뷰티,Naver
"BYC, 2023 발렌타인데이 에디션 란제리 세트 공개",,,,,생활/문화,패션/뷰티,Naver
"무신사, 실질 수수료율 최저 12.2%…""입점 브랜드 지원 강화""",,,,,생활/문화,패션/뷰티,Naver
"샤넬코리아, 한국동서발전과 손 잡았다…재생에너지 활용 확대",,,,,생활/문화,패션/뷰티,Naver
혹시 ‘빨강’ 좋아해?,,,,,생활/문화,패션/뷰티,Naver
"이랜드 스파오, 어른들 향수 불러일으키는 Y2K '콜라보 맛집' 부상",,,,,생활/문화,패션/뷰티,Naver
"보테가 베네타, SUMMER 2023 '안디아모' 백 론칭",,,,,생활/문화,패션/뷰티,Naver
"美 법원, 에르메스 손 들었다···”버킨백 NFT는 예술 아닌 상품”",,,,,생활/문화,패션/뷰티,Naver
아들 졸업식 찾은 이부진의 아이템…샤넬과 ‘톰브라운 에디션’ 갤럭시,,,,,생활/문화,패션/뷰티,Naver
"“패딩 이제 넣어야하나”…홈쇼핑업계, ‘봄 신상’ 경쟁 돌입",,,,,생활/문화,패션/뷰티,Naver
,,,,,생활/문화,패션/뷰티,Naver
"샤넬 재킷에 청바지·Z플립…이부진, 아들 졸업식서 포착된 모습",,,,,생활/문화,패션/뷰티,Naver
"샤넬 재킷에 청바지, Z플립…아들 졸업식서 포착된 ‘엄마 이부진’",,,,,생활/문화,패션/뷰티,Naver
"화해 ""올해 뷰티 트렌드는 색조 화장품""",,,,,생활/문화,패션/뷰티,Naver
W컨셉 ‘밸런타인데이 기획전’… 커플 패션아이템 총출동,,,,,생활/문화,패션/뷰티,Naver
,,,,,생활/문화,패션/뷰티,Naver
"연진아, 난 늘 검은 옷을 입어…내 분노가 뚜렷하게 보이거든",,,,,생활/문화,패션/뷰티,Naver
"휠라, 박지후와 함께 한 신학기 ‘백투스쿨’ 백팩 화보 공개",,,,,생활/문화,패션/뷰티,Naver
"펜디, 서울 강남구에 국내 첫 플래그십 부티크 연다",,,,,생활/문화,패션/뷰티,Naver
"잇츠한불, 지난해 영업익 전년비 537% 증가…흑자전환 달성",,,,,생활/문화,패션/뷰티,Naver
,,,,,생활/문화,패션/뷰티,Naver
"'콜라보의 향연', 원작에 새 숨 불어넣는 일 ... 리메이크 패션샵 '이스트 오캄' [ASK TO :]",,,,,생활/문화,패션/뷰티,Naver
"한섬, 美 럭셔리 브랜드 '피어오브갓' 아시아 첫 단독 매장 오픈",,,,,생활/문화,패션/뷰티,Naver
"CJ ENM, 엔터 날고 커머스 웃었다…영업이익은 ‘발목’",,,,,생활/문화,패션/뷰티,Naver
"아씨오, 신제품 ‘소듐디엔에이크림·마스크팩’ 롯데홈쇼핑 첫 론칭 D-1",,,,,생활/문화,패션/뷰티,Naver
패션 브랜드 홍수 시대…‘오리지널리티’ 전략 누가 잘하나?,,,,,생활/문화,패션/뷰티,Naver
"라피타, '아이돌 히팅래쉬펌' 출시 기념 특가 행사 진행",,,,,생활/문화,패션/뷰티,Naver
"BYN블랙야크그룹, 튀르키예에 1억원 상당 구호물품 긴급 지원",,,,,생활/문화,패션/뷰티,Naver
‘토큰증권’시대 조각투자 플랫폼 ‘피스’ 날개,,,,,생활/문화,패션/뷰티,Naver
"CGV, 카쇼라에서 ‘카운트’ 더 재밌게 즐기는 방법은?",,,,,생활/문화,패션/뷰티,Naver
일본 큐텐서 1위한 한국 뷰티 제품 ‘이것’,,,,,생활/문화,패션/뷰티,Naver
"신세계인터, 자체 여성복 힘준다…""빅5, 연매출 5천억 목표""",,,,,생활/문화,패션/뷰티,Naver
"“패딩 끝물, 이젠 간절기 옷 쏟아져”...아웃도어 업계 봄맞이",,,,,생활/문화,패션/뷰티,Naver
"[튀르키예 강진] 비와이엔블랙야크그룹, 1억원 상당 구호물품 지원",,,,,생활/문화,패션/뷰티,Naver
"20대 남성 패피 열광하는 브랜드 온다…한섬, '피어오브갓' 매장 개점",,,,,생활/문화,패션/뷰티,Naver
국내 백화점 최고 성적표…줄폐업 일본과 다른 행보,,,,,생활/문화,패션/뷰티,Naver
"펜디, 청담동에 국내 첫 플래그십 ‘팔라초 펜디 서울’ 오픈",,,,,생활/문화,패션/뷰티,Naver
"일본 죽쑤는데, 한국 백화점은 왜 날아오를까 [언박싱]",,,,,생활/문화,패션/뷰티,Naver
"수프라, 힙합 아티스트 저스디스와 함께한 23 SS 화보 공개",,,,,생활/문화,패션/뷰티,Naver
"펜디, 한국 첫 플래그십 부티크 ‘팔라초 펜디 서울’ 오픈",,,,,생활/문화,패션/뷰티,Naver
럭셔리 패션 공들이는 한섬…'피어오브갓' 첫 매장,,,,,생활/문화,패션/뷰티,Naver
"펜디, 청담동에 국내 첫 플래그십 부티크 오픈",,,,,생활/문화,패션/뷰티,Naver
"한섬, 美브랜드 ‘피어오브갓’ 아시아 첫 단독 매장 오픈",,,,,생활/문화,패션/뷰티,Naver
"컬리, 일주일간 ‘뷰티컬리 페스타’ 진행…최대 74% 할인",,,,,생활/문화,패션/뷰티,Naver
"‘빅5’로 연매출 5천억 도전…신세계인터, 여성복 사업 강화",,,,,생활/문화,패션/뷰티,Naver
"텐바이텐, MZ 취향 저격 이색 선물 기획전‘해피 밸런타인데이’",,,,,생활/문화,패션/뷰티,Naver
"신세계인터, 여성복 사업 강화…연매출 5천억원대로 키운다",,,,,생활/문화,패션/뷰티,Naver
아모레퍼시픽그룹 ‘튀르키예 복구 비용’ 긴급지원,,,,,생활/문화,패션/뷰티,Naver
"[르포] 패션 본고장도 K-패션 주목…佛패션협회장 “韓, 아시아 패션리더”",,,,,생활/문화,패션/뷰티,Naver
"아모레퍼시픽그룹, 튀르키예 피해 복구에 10만 달러 기부",,,,,생활/문화,패션/뷰티,Naver
"아모레퍼시픽그룹, 튀르키예 피해 복구에 1억3000만원 기부",,,,,생활/문화,패션/뷰티,Naver
"“인기 핸드백 사려면 300만원 더 써!”…고야드, 새 구매 정책 논란",,,,,생활/문화,패션/뷰티,Naver
"코오롱FnC 지포어, 글로벌 행보…럭셔리 골프시장 초격차 벌린다",,,,,생활/문화,패션/뷰티,Naver
"홍콩 재벌, 명품 핸드백 77개 경매 완판…낙찰가 40억원 넘어",,,,,생활/문화,패션/뷰티,Naver
"메디안, 구취와 치아 미백 동시 관리 가능한 기능성 치약 출시",,,,,생활/문화,패션/뷰티,Naver
사망자 2만명 넘긴 튀르키예…국내 유통가도 ‘도움의 손길’,,,,,생활/문화,패션/뷰티,Naver
이부진의 아들 졸업식 패션…샤넬 재킷 입고 손엔 Z플립,,,,,생활/문화,패션/뷰티,Naver
"배우 공유, 톰 포드 뷰티와 함께한 NEW 향수 캠페인 단독 선공개",,,,,생활/문화,패션/뷰티,Naver
"에이피알, 온라인 전용 라인업 ‘BL’E’NK’ 컬렉션 론칭",,,,,생활/문화,패션/뷰티,Naver
“너무 흔해졌다”…믿었던 ‘나이키 범고래’ 리셀가격 뚝뚝,,,,,생활/문화,패션/뷰티,Naver
"[튀르키예 강진] 이랜드그룹, 23억원 상당 긴급구호물품",,,,,생활/문화,패션/뷰티,Naver
"코오롱FnC, 2024 동계청소년올림픽대회 유니폼 후원한다",,,,,생활/문화,패션/뷰티,Naver
"라프레리, 온라인 부티크 오픈 1주년 맞아 단독 혜택 선봬",,,,,생활/문화,패션/뷰티,Naver
"라프레리, 온라인 부티크 오픈 1주년 맞아 단독 혜택 선봬",,,,,생활/문화,패션/뷰티,Naver
"코오롱FnC, 2024 동계청소년올림픽대회 유니폼 후원",,,,,생활/문화,패션/뷰티,Naver
"무신사, 튀르키예 지진 피해 복구 동참…3.8억 상당 방한의류 기부",,,,,생활/문화,패션/뷰티,Naver
"[튀르키예 강진] 무신사, 3억8천만원 상당 방한 의류 기부",,,,,생활/문화,패션/뷰티,Naver
“친구 결혼식 다녀온 아내가 샤넬백 사 달래요”…누리꾼 의견은?,,,,,생활/문화,패션/뷰티,Naver
레깅스 다음은 몸매 잡는 보정속옷?…매출 확 뛴 이유는,,,,,생활/문화,패션/뷰티,Naver
"LF, 지난해 영업익 1852억원…전년비 17%↑",,,,,생활/문화,패션/뷰티,Naver
이부진이 손에 든 ‘블랙백’ 명품 아니었네…실용적 연출 ‘눈길’,,,,,생활/문화,패션/뷰티,Naver
"LF, 지난해 영업이익 전년비 17% 증가…""패션·식품 매출↑""",,,,,생활/문화,패션/뷰티,Naver
"""온라인 플랫폼이 짝퉁방치"" 패션 乙 집단행동",,,,,생활/문화,패션/뷰티,Naver
패스트리테일링 ‘튀르키예·시리아 지진’ 인도적 지원,,,,,생활/문화,패션/뷰티,Naver
'짝퉁 패션' 라방 판치는데 … 플랫폼 책임법 3년째 나몰라라,,,,,생활/문화,패션/뷰티,Naver
"가품 판매업자 퇴출 나서는 美, 아마존 관리소홀 때리는 유럽",,,,,생활/문화,패션/뷰티,Naver
MZ 마음 잡은 '비건 뷰티' 현대百 '비클린' 인기몰이,,,,,생활/문화,패션/뷰티,Naver
잡스 성공 비결은 '미학지능'… 고객 오감 만족시켜야,,,,,생활/문화,패션/뷰티,Naver
"CJ온스타일, 단독 브랜드 중심 봄 패션 신상품 론칭",,,,,생활/문화,패션/뷰티,Naver
"스토케, 휴대용 유모차 ‘베이비젠 요요’ 액세서리 증정 이벤트",,,,,생활/문화,패션/뷰티,Naver
“명품 화장품 내가 접수할래”...이커머스社 치열한 유치 경쟁,,,,,생활/문화,패션/뷰티,Naver
‘유아인 효과’ 대박이라 생각했는데…유통가 ‘눈물의 손절’,,,,,생활/문화,패션/뷰티,Naver
"SSG닷컴, ‘LVMH 뷰티’ 공식스토어 오픈",,,,,생활/문화,패션/뷰티,Naver
"메트로시티 주얼리, 커플 타임피스 컬렉션 '카스텔로' 공개",,,,,생활/문화,패션/뷰티,Naver
"F&F, 튀르키예에 10억원 상당 방한의류 긴급 지원",,,,,생활/문화,패션/뷰티,Naver
이부진 사장이 든 그 토트백 이미 ‘품절’,,,,,생활/문화,패션/뷰티,Naver
"에이피알, 뷰티 디바이스로 홈 뷰티 시장 공략 박차",,,,,생활/문화,패션/뷰티,Naver
"코스맥스, CDP 시상식서 친환경 경영 ‘2관왕’",,,,,생활/문화,패션/뷰티,Naver
"유진로봇, 국내 최대 규모 ‘스마트공장∙자동화산업전 2023’ 참가",,,,,생활/문화,패션/뷰티,Naver
"SK매직, 23년형 ‘코어 공기청정기’ 2종 출시∙∙∙최대 30% 할인",,,,,생활/문화,패션/뷰티,Naver
"락앤락, ‘설레어 봄’ 에디션 한정 출시",,,,,생활/문화,패션/뷰티,Naver
"세라젬, ‘세라체크 홈킷’ 출시... 멤버십 연동해 간편하게 건강 관리",,,,,생활/문화,패션/뷰티,Naver
"몰스킨, ‘미리 준비하는 신학기’ 기획전 진행",,,,,생활/문화,패션/뷰티,Naver
"코스맥스, CDP 시상식서 친환경 경영 2관왕 달성",,,,,생활/문화,패션/뷰티,Naver
"모다모다, 달콤한 2득데이 프로모션 진행",,,,,생활/문화,패션/뷰티,Naver
"레고그룹, ‘레고 반지의 제왕 리븐델’ 세트 공개",,,,,생활/문화,패션/뷰티,Naver
"""웬만한 명품 뺨친다""…MZ세대 열광한 백화점 화장품 정체",,,,,생활/문화,패션/뷰티,Naver
"‘LVMH 뷰티’ 공식 스토어, SSG닷컴에 오픈",,,,,생활/문화,패션/뷰티,Naver
"SSG닷컴, 루이비통 뷰티 화장품 판다",,,,,생활/문화,패션/뷰티,Naver
"[패션뉴스] 루이 비통, 현대미술작가와 협업한 한정판 컬렉션 공개",,,,,생활/문화,패션/뷰티,Naver
올영도 중동 뷰티시장 공략…첫 브랜드는 색조 ,,,,,생활/문화,패션/뷰티,Naver
"무신사, 지난해 여성 패션 거래액 2배 '쑥'",,,,,생활/문화,패션/뷰티,Naver
"아크메드라비, 토끼해 맞이해 '레빗 컬렉션' 및 아트웍 제품 출시",,,,,생활/문화,패션/뷰티,Naver
"아크메드라비, 토끼해 기념 제품 ‘레빗 컬렉션’을 비롯 다양한 아트웍 신제품 출시",,,,,생활/문화,패션/뷰티,Naver
"“리오프닝에 홈웨어 벗고 보정속옷 샀다”…GS샵, 속옷 매출↑",,,,,생활/문화,패션/뷰티,Naver
마리엔메이 신제품 ‘비건 카렌듈라 펩타이드 에이지리스 슬리핑 마스크’ 출시,,,,,생활/문화,패션/뷰티,Naver
"세아상역, 사내 동호회 활동 재개…조직문화 활성화 박차",,,,,생활/문화,패션/뷰티,Naver
,,,,,생활/문화,패션/뷰티,Naver
매출 2조 찍었다...고가 수입 브랜드 덕에 잘 나가는 패션기업들,,,,,생활/문화,패션/뷰티,Naver
불황에 립스틱? 대신 수십만원 짜리 향수 뿌렸다,,,,,생활/문화,패션/뷰티,Naver
"한세실업, 지난해 영업익 1897억원…전년비 78%↑",,,,,생활/문화,패션/뷰티,Naver
"엑토인 더마크림, CJ 홈쇼핑 출시 방송 중 매진",,,,,생활/문화,패션/뷰티,Naver
"카카오스타일, 예비 파트너사 위한 라이브 설명회 개최",,,,,생활/문화,패션/뷰티,Naver
"짠! 노마스크 얼굴 공개...여성은 화장품, 남성은 이것 많이 샀다",,,,,생활/문화,패션/뷰티,Naver
한섬 “신학기 가방은 ‘타미힐피거 키즈’로 준비하세요”,,,,,생활/문화,패션/뷰티,Naver
"휠라홀딩스, 주당 750원 결산배당…5년 연속 배당성향 상향",,,,,생활/문화,패션/뷰티,Naver
역시 리한나! 팝스타 복귀 알린 ‘레드 슈트’ 어디 꺼?,,,,,생활/문화,패션/뷰티,Naver
"LF몰, 개강 맞이 캠퍼스룩 제안 '브랜드 뉴 데이' 기획전",,,,,생활/문화,패션/뷰티,Naver
중소 브랜드 ‘표절 피해’ 막자…한국브랜드패션협회 출범,,,,,생활/문화,패션/뷰티,Naver
"불황에도 불티…신세계인터, 니치 향수 매출 '껑충'",,,,,생활/문화,패션/뷰티,Naver
"[게시판] 카카오스타일, 예비 파트너사 대상 입점 라이브 설명회",,,,,생활/문화,패션/뷰티,Naver
“형제 나라 돕자”...패딩 텐트 등 구호물품 지원 앞장선 기업은,,,,,생활/문화,패션/뷰티,Naver
양자경과 인사 나누는 톰 크루즈,,,,,생활/문화,패션/뷰티,Naver
양자경과 포즈 취한 톰 크루즈,,,,,생활/문화,패션/뷰티,Naver
제이미 리 커티스와 인사 나누는 톰 크루즈,,,,,생활/문화,패션/뷰티,Naver
스필버그 감독과 사진 찍는 톰 크루즈,,,,,생활/문화,패션/뷰티,Naver
아카데미 후보 오찬 참석한 톰 크루즈,,,,,생활/문화,패션/뷰티,Naver
“너 하나면 충분해”...MZ세대 남자들 홀려버린 이것은 [떴다! 기자평가단],,,,,생활/문화,패션/뷰티,Naver
"LG생활건강, 지난해 광군제 매출 정정…당초 발표의 절반 수준",,,,,생활/문화,패션/뷰티,Naver
"코웨이, 4분기 매출 9802억 원…22년 누적 매출 3조 8561억 원 기록",,,,,생활/문화,패션/뷰티,Naver
"무신사 키즈, '1주년 파티' 캠페인…봄 신상 셀럽 패밀리룩 공개",,,,,생활/문화,패션/뷰티,Naver
,,,,,생활/문화,패션/뷰티,Naver
인플루언서만 당첨? 더바디샵 '조규성 이벤트' 논란,,,,,생활/문화,패션/뷰티,Naver
"토니모리, 日 이토추상사와 중장기 공급계약 체결",,,,,생활/문화,패션/뷰티,Naver
"안노 주식회사, 1인 카메라 시대에 맞춘 화장품 출시",,,,,생활/문화,패션/뷰티,Naver
스톤아일랜드-뉴발란스 ‘574 레거시’ 출시,,,,,생활/문화,패션/뷰티,Naver
팀버랜드의 독특한 실험,,,,,생활/문화,패션/뷰티,Naver
"골프웨어도 내 맘대로…오클리, 신개념 ‘스컬 컬렉션’ 공개",,,,,생활/문화,패션/뷰티,Naver
"패리스 힐튼이 사랑한 Y2K 감성 패션, 쥬시꾸뛰르 컴백",,,,,생활/문화,패션/뷰티,Naver
"블랙야크, 첫 트레일러닝 대회 'BTR 50' 개최",,,,,생활/문화,패션/뷰티,Naver
한 때 패션왕이었는데...‘유아인 리스크’에 손절 나선 기업들,,,,,생활/문화,패션/뷰티,Naver
"네파, 튀르키예에 1억원 상당 방한 의류 지원",,,,,생활/문화,패션/뷰티,Naver
[뷰티뉴스] 세포라 ‘더 조이 오브 컬러’ 캠페인 실시,,,,,생활/문화,패션/뷰티,Naver
"화보 폼 미쳤다…김태리·류준열, 급이 다른 옷태",,,,,생활/문화,패션/뷰티,Naver
"[패션뉴스] 퍼렐 윌리엄스, 루이 비통 크리에이티브 디렉터 발탁",,,,,생활/문화,패션/뷰티,Naver
섬유패션산업 활성화 기반 마련에 올해 174억원 투입,,,,,생활/문화,패션/뷰티,Naver
"패션업계, '대마 양성' 유아인 계약해지·이미지 삭제 검토",,,,,생활/문화,패션/뷰티,Naver
"서양네트웍스, 튀르키예에 의류 기부",,,,,생활/문화,패션/뷰티,Naver
눈썹 아래 점까지…샤넬이 공개한 '제니 캐릭터' 싱크로율은?,,,,,생활/문화,패션/뷰티,Naver
"""짝퉁제품 보면 신고하세요"" 패션계 '페이크 네버' 캠페인",,,,,생활/문화,패션/뷰티,Naver
현대百·SPC 튀르키예 지원,,,,,생활/문화,패션/뷰티,Naver
"코로나 끝난 웨딩업계, ""예식장 잡기도 힘들어""",,,,,생활/문화,패션/뷰티,Naver
"W컨셉, VIP 고객 70% 증가…'록인' 전략 힘준다",,,,,생활/문화,패션/뷰티,Naver
"서태웅의 에어조던, 정대만의 아식스…추억을 신는다, 지갑은 거들 뿐",,,,,생활/문화,패션/뷰티,Naver
"하고엘앤에프, 지난해 매출 200%↑…""역대 최대 실적""",,,,,생활/문화,패션/뷰티,Naver
“롤렉스 이제는 가상현실로 착용해 보세요”,,,,,생활/문화,패션/뷰티,Naver
"코웰패션, 작년 영업익 1000억원 돌파…""창사 이래 최대 실적""",,,,,생활/문화,패션/뷰티,Naver
"코스메슈티컬 전문 기업 레아컴퍼니, ‘CH6 퍼퓸드 시어버터 핸드크림’ 출시",,,,,생활/문화,패션/뷰티,Naver
"에브리웨어, 아웃도어",,,,,생활/문화,패션/뷰티,Naver
"뷰티 기업 에이블씨엔씨, 공식몰 매출 71% '껑충'",,,,,생활/문화,패션/뷰티,Naver
"하고엘앤에프, 2022년 매출 전년 대비 200% 성장",,,,,생활/문화,패션/뷰티,Naver
"서울스토어, '브랜드 팝업 플랫폼' 전면 리뉴얼 론칭",,,,,생활/문화,패션/뷰티,Naver
"수지의 봄, 데님 그리고 뱅[화보]",,,,,생활/문화,패션/뷰티,Naver
"까스텔바작, 배우 이민정 전속모델 발탁",,,,,생활/문화,패션/뷰티,Naver
"서양네트웍스, 튀르키예 지진 피해 어린이 위해 방한 의류 기부",,,,,생활/문화,패션/뷰티,Naver
토리버치 한국 최초 공식 앰배서더 된 우영우,,,,,생활/문화,패션/뷰티,Naver
중소·신진 브랜드 지재권 보호 'FAKE NEVER' 캠페인 시작,,,,,생활/문화,패션/뷰티,Naver
"신세계그룹, 지진 피해 ‘튀르키예·시리아’ 지원 위해 6억5000만원 기부",,,,,생활/문화,패션/뷰티,Naver
"네이처리퍼블릭, 창립 14주년 프로모션…""구매 고객에 14% 페이백""",,,,,생활/문화,패션/뷰티,Naver
"""기능성 화장품 심사를 민간이?""…대한화장품협회 '안전성 뒷전' 논란",,,,,생활/문화,패션/뷰티,Naver
2023 뉴욕패션위크 단독브랜드 초청 된 '에즈 오브 투데이 뉴욕',,,,,생활/문화,패션/뷰티,Naver
한국만 극성 아니네…‘180만원’ 日 초등생 책가방 뭐길래,,,,,생활/문화,패션/뷰티,Naver
"유니클로, 봄·여름 라이프웨어 매거진 발간… ‘예술과 만난 일상’",,,,,생활/문화,패션/뷰티,Naver
"에즈 오브 투데이, 2023 뉴욕패션위크 스킨케어 단독브랜드 초청",,,,,생활/문화,패션/뷰티,Naver
생머리에 눈썹 밑 점…‘샤넬’ 애니메이션 속 제니 모습,,,,,생활/문화,패션/뷰티,Naver
미국 클린뷰티 '에즈 오브 투데이' 뉴욕패션위크 단독브랜드 초청,,,,,생활/문화,패션/뷰티,Naver
"모두렌탈, ‘모스트엑스’로 사명 변경…종합 커머스 기업으로 도약",,,,,생활/문화,패션/뷰티,Naver
"에이블씨엔씨, 작년 영업익 101억원…흑자전환 달성",,,,,생활/문화,패션/뷰티,Naver
"랑방블랑, 23SS 캠페인 'Imagine, it's real' 선봬",,,,,생활/문화,패션/뷰티,Naver
"비비안, 매장 관리 우수매장에 1천만원 포상",,,,,생활/문화,패션/뷰티,Naver
눈썹 밑 점까지 똑같네…샤넬 애니메이션 속 '제니',,,,,생활/문화,패션/뷰티,Naver
“낙서하며 창의력 키우자”...16m 초대형 칠판 스타필드에 뜬다,,,,,생활/문화,패션/뷰티,Naver
"에이블씨엔씨, 지난해 영업이익은 101억원…흑자 전환 달성",,,,,생활/문화,패션/뷰티,Naver
"네파, 브랜드 모델로 아이브 안유진 발탁",,,,,생활/문화,패션/뷰티,Naver
"MLB, 에스파와 함께한 ‘23 S/S 바시티 컬렉션’ 화보 공개",,,,,생활/문화,패션/뷰티,Naver
"대형 다이아 반지 낀 케이티…송중기 커플, 헝가리 출국 포착",,,,,생활/문화,패션/뷰티,Naver
"알렉산더 맥퀸, 2023 봄·여름 여성 캠페인 선봬",,,,,생활/문화,패션/뷰티,Naver
"실내 마스크 의무 해제 이후, 판매 증가한 화장품은?",,,,,생활/문화,패션/뷰티,Naver
LG생건 뷰티테크의 진화 휴대용 프린터로 '셀프 타투',,,,,생활/문화,패션/뷰티,Naver
"콜마비앤에이치, 자체 개발 체지방 감소 유산균 SCI급 논문 게재",,,,,생활/문화,패션/뷰티,Naver
고가 예술작품을 가장 저렴하게 즐기는 방법… ‘루이비통x쿠사마 야요이’ 협업 컬렉션,,,,,생활/문화,패션/뷰티,Naver
"LG생활건강, 업계 최초 MWC 2023 참가…미니 타투 프린터 공개",,,,,생활/문화,패션/뷰티,Naver
"비비안, 봉화군청에 2억3천만원 상당 물품 기부",,,,,생활/문화,패션/뷰티,Naver
"박승철헤어스투디오·박공헤어, 2023년 HAIR Design Look 발표",,,,,생활/문화,패션/뷰티,Naver
"LG생건, 미니 타투 프린터 들고 MWC 간다",,,,,생활/문화,패션/뷰티,Naver
"라엘, 공식 홈페이지에서 '정기 구독 서비스' 실시",,,,,생활/문화,패션/뷰티,Naver
"이니스프리, 새로운 브랜드 아이덴티티 공개",,,,,생활/문화,패션/뷰티,Naver
아웃도어 인기…롯데백화점 봄맞이 기획전 연다,,,,,생활/문화,패션/뷰티,Naver
젝시믹스 최고매출 또 경신... 5년 연속 성장세,,,,,생활/문화,패션/뷰티,Naver
"에이블씨엔씨, 지난해 영업익 101억원…흑자전환 성공",,,,,생활/문화,패션/뷰티,Naver
"브랜드엑스, 지난해 영업익 178억…전년比 64.2%↑",,,,,생활/문화,패션/뷰티,Naver
"무신사, 한정판 문화공간 ‘솔드아웃 목동’ 개점…드롭존 운영",,,,,생활/문화,패션/뷰티,Naver
"LF 닥스, 하이랜더·헤링턴 봄 신제품 출시",,,,,생활/문화,패션/뷰티,Naver
"무신사 솔드아웃, 한정판 문화 공간 '솔드아웃 목동' 오픈",,,,,생활/문화,패션/뷰티,Naver
"정호연, 英 아카데미 홀린 '금빛 여신' 자태…고전미 물씬",,,,,생활/문화,패션/뷰티,Naver
"""미니타투 프린터 첫 선""…LG생건 국내뷰티 최초 'MWC 2023' 참가",,,,,생활/문화,패션/뷰티,Naver
"라엘, 공식 홈페이지에서 ‘라엘 정기 구독 서비스’ 실시",,,,,생활/문화,패션/뷰티,Naver
"LG생활건강, 국내 뷰티업계 최초 MWC 참가…‘타투 프린터’ 공개",,,,,생활/문화,패션/뷰티,Naver
"앳홈, ‘미닉스 런드리숍’으로 2023 서울리빙디자인페어 참가",,,,,생활/문화,패션/뷰티,Naver
"콜마BNH, 자체 개발 체지방 감소 유산균 SCI 급 논문 게재",,,,,생활/문화,패션/뷰티,Naver
"락앤락, 이유식 맞춤 ‘리틀럽 브리즈 항균 TPU 도마’ 출시",,,,,생활/문화,패션/뷰티,Naver
"테팔 ‘추억의 테팔분식- 떡볶이·튀김·라면, 이거 하나면 다 되지!’기획",,,,,생활/문화,패션/뷰티,Naver
"돌아온 관광객 맞는다…신라면세점 김포공항점, 패션매장 새단장",,,,,생활/문화,패션/뷰티,Naver
"무신사, 한정판 스니커즈 문화공간 '솔드아웃 목동' 오픈",,,,,생활/문화,패션/뷰티,Naver
"에잇세컨즈, 프리미엄 캐주얼 라인 ‘유니스’ 출시",,,,,생활/문화,패션/뷰티,Naver
'서부전선 이상 없다' BAFTA 작품상 등 7개 부문 수상,,,,,생활/문화,패션/뷰티,Naver
영화 '서부전선 이상 없다' BAFTA 7개 부문 석권,,,,,생활/문화,패션/뷰티,Naver
"헤라, 봄·여름 시즌 맞아 아이&립 메이크업 신제품 출시",,,,,생활/문화,패션/뷰티,Naver
"“일상복 된 아웃도어”…롯데백화점, 고프코어룩 기획전 연다",,,,,생활/문화,패션/뷰티,Naver
"신세계 강남점, 300여평 규모 프리미엄 골프전문관 열었다",,,,,생활/문화,패션/뷰티,Naver
우리 아이 새학기 뭘 입힐까,,,,,생활/문화,패션/뷰티,Naver
"애경산업 바이컬러, '치어리 마우스워시' 출시",,,,,생활/문화,패션/뷰티,Naver
BAFTA 레드카펫서 웃음 짓는 정호연,,,,,생활/문화,패션/뷰티,Naver
BAFTA 레드카펫 밟은 정호연,,,,,생활/문화,패션/뷰티,Naver
카메라 보고 활짝 웃는 정호연,,,,,생활/문화,패션/뷰티,Naver
BAFTA 참석한 정호연,,,,,생활/문화,패션/뷰티,Naver
韓 넘어 中 시장 휩쓴 F&F…“올해도 진격”,,,,,생활/문화,패션/뷰티,Naver
“광고할 땐 좋았는데”…연예인 리스크에 울고 웃는 기업들,,,,,생활/문화,패션/뷰티,Naver
"K2, 변덕스런 봄 날씨 대비…‘맥 자켓’ 출시",,,,,생활/문화,패션/뷰티,Naver
"""입기 편한 속옷이 인기"" BYC 컴포트라인 두 배 '쑥'",,,,,생활/문화,패션/뷰티,Naver
한 브랜드만 24시간 노출 옥션의 이유있는 파격행사,,,,,생활/문화,패션/뷰티,Naver
"에디 레드메인·한나 레드메인, 알렉산더 맥퀸으로 레드카펫 스타일 완성",,,,,생활/문화,패션/뷰티,Naver
"전지현·손흥민, 버버리 패션쇼 앞줄에서 외신 카메라에 포착…어쩐지 공항 출국 때부터 입더라",,,,,생활/문화,패션/뷰티,Naver
"이랜드 뉴발란스, '990v6 프레젠테이션' 팝업스토어 성황리 종료",,,,,생활/문화,패션/뷰티,Naver
,,,,,생활/문화,패션/뷰티,Naver
"질바이질스튜어트, 여성 언더웨어 론칭",,,,,생활/문화,패션/뷰티,Naver
"""자신 있게 당당하게 걸어요""…패션 모델로 변신한 동네주부들",,,,,생활/문화,패션/뷰티,Naver
"인플루언서 구유경, 뷰티 크리에이터 디비전 부문 수상",,,,,생활/문화,패션/뷰티,Naver
오늘은 내가 모델,,,,,생활/문화,패션/뷰티,Naver
김해 삼방동 시니어 모델들,,,,,생활/문화,패션/뷰티,Naver
오늘은 내가 모델,,,,,생활/문화,패션/뷰티,Naver
오늘은 내가 모델,,,,,생활/문화,패션/뷰티,Naver
당당하게,,,,,생활/문화,패션/뷰티,Naver
"식약처, o-아미노페놀 등 5개 염모제 성분 '사용금지' 지정",,,,,생활/문화,패션/뷰티,Naver
"200억 사재 털었다…머스트잇 대표, 임직원에 주식 무상증여",,,,,생활/문화,패션/뷰티,Naver
"구하다, 80억원 규모 시리즈B투자 유치",,,,,생활/문화,패션/뷰티,Naver
"너도나도 산다…‘품절 대란’ 英 왕세자빈 귀고리, 가격은?",,,,,생활/문화,패션/뷰티,Naver
"프로스펙스, 라이프스타일 라인 봄 화보 공개",,,,,생활/문화,패션/뷰티,Naver
"친환경 아웃도어 나우, 봄 화보 공개",,,,,생활/문화,패션/뷰티,Naver
"바디 포지티브 열풍에…BYC, 컴포트 라인 제품 인기",,,,,생활/문화,패션/뷰티,Naver
간판도 없는 동네 네일숍인데...단골손님 500명 모은 비결은,,,,,생활/문화,패션/뷰티,Naver
"英왕세자빈, 레드카펫서 '28달러 귀고리·업사이클링 드레스'",,,,,생활/문화,패션/뷰티,Naver
상큼하고 은은한 '프라다 패러독스 향수',,,,,생활/문화,패션/뷰티,Naver
신세계百 '프라다 패러독스 향수 들여가세요',,,,,생활/문화,패션/뷰티,Naver
'프라다 패러독스 향수를 만나보세요',,,,,생활/문화,패션/뷰티,Naver
"신세계백화점, 프라다 패러독스 향수 팝업",,,,,생활/문화,패션/뷰티,Naver
"한섬, 오에라 고객 90%가 '백화점 VIP'…""품질 경쟁력 주효""",,,,,생활/문화,패션/뷰티,Naver
"텐바이텐, ‘2023 서울리빙디자인페어’에피너츠 캐릭터 PB 선보여",,,,,생활/문화,패션/뷰티,Naver
"토니모리, 미국 대형 유통체인 타겟 입점…“현지 고객 잡는다”",,,,,생활/문화,패션/뷰티,Naver
"조용민 머스트잇 대표, 주식 200억원 임직원에 무상 증여",,,,,생활/문화,패션/뷰티,Naver
"바디프랜드, 개그팀 ‘졸탄’과 22일 이색 네이버 쇼핑 라이브 진행",,,,,생활/문화,패션/뷰티,Naver
"엔데믹에 밖으로 나간다…롯데홈쇼핑, 외출복 수요 급증",,,,,생활/문화,패션/뷰티,Naver
"조용민 머스트잇 대표, 사재 200억원 주식 임직원에 무상 증여",,,,,생활/문화,패션/뷰티,Naver
"정수기 필터가 샤워기 속으로?SK매직, 기능성 필터샤워기 ‘매직플러스’ 3종 출시",,,,,생활/문화,패션/뷰티,Naver
"세라젬, 경추후만 탐색 임상시험계획 식약처 승인",,,,,생활/문화,패션/뷰티,Naver
"연 4천만원 이상 긁는 백화점 VIP, 이들이 듣는 명품 강연이",,,,,생활/문화,패션/뷰티,Naver
“전지현-손흥민 런던서 만났다”…“역사적 조우”,,,,,생활/문화,패션/뷰티,Naver
"유니클로, 아이들과미래재단과 함께 ‘천천히 함께’ 캠페인··· 10억 기부",,,,,생활/문화,패션/뷰티,Naver
"연매출 2조 공신 '新명품'… ""제2의 하트·여우 찾아라""",,,,,생활/문화,패션/뷰티,Naver
'1위 탈환 시동' 유니클로의 10억 기부…이미지 쇄신 나선다,,,,,생활/문화,패션/뷰티,Naver
"“우리 아이 기 죽일순 없지 ”...마스크 벗는 새학기, 패션쇼 펼쳐진다",,,,,생활/문화,패션/뷰티,Naver
"이찬원, 진해성, 박지현...상큼미 터지는 트롯계 ‘인간 복숭아’",,,,,생활/문화,패션/뷰티,Naver
"손흥민 코트 사이로 '불쑥' 민망한 순간…박준형 ""눈을 의심""",,,,,생활/문화,패션/뷰티,Naver
유니클로 ‘뜻깊은 통 큰 기부’… 교육 소외아동 1:1 맞춤 지원,,,,,생활/문화,패션/뷰티,Naver
'코카인 베어' 시사회 참석한 김가현,,,,,생활/문화,패션/뷰티,Naver
"더네이쳐홀딩스, 지난해 매출 4978억원 ""사상 최대""",,,,,생활/문화,패션/뷰티,Naver
"애경산업, 튀르키예에 8억원 상당 생필품 지원",,,,,생활/문화,패션/뷰티,Naver
"코스맥스, 인도네시아 클린뷰티 공략 본격화…성장 솔루션 제시",,,,,생활/문화,패션/뷰티,Naver
청담동 한복판에 로마 감성... ‘펜디 하우스’ 가보니,,,,,생활/문화,패션/뷰티,Naver
"오설록, 티하우스 현대미술관점 리뉴얼 오픈",,,,,생활/문화,패션/뷰티,Naver
"스킨푸드, 신이어와 협업...패드 기획 세트 2종 출시",,,,,생활/문화,패션/뷰티,Naver
"닥스, ’그랜드내셔널’서 영감받은 23 S/S시즌 화보 공개",,,,,생활/문화,패션/뷰티,Naver
"럭키슈에뜨, 새 뮤즈로 MZ 워너비 아이브 안유진 발탁",,,,,생활/문화,패션/뷰티,Naver
"유니클로, ‘천천히 함께’ 캠페인 출범…느린 학습 아동 지원",,,,,생활/문화,패션/뷰티,Naver
"아페쎄 골프, '2023 봄·여름 시즌 컬렉션' 새롭게 선봬",,,,,생활/문화,패션/뷰티,Naver
"LF몰, 에어프레미아 항공사와 '프리미엄 여행의 시작' 프로모션",,,,,생활/문화,패션/뷰티,Naver
"에스티코(STCO), 배우 최현욱 모델 발탁",,,,,생활/문화,패션/뷰티,Naver
"애경산업, 지진피해 튀르키예에 긴급 지원",,,,,생활/문화,패션/뷰티,Naver
'2023 F/W 서울패션위크' 내달 15∼19일…홍보대사 '뉴진스',,,,,생활/문화,패션/뷰티,Naver
"코웨이, 중앙대학교광명병원과‘병원 공기질 진단 및 평가 과제’ 진행",,,,,생활/문화,패션/뷰티,Naver
"데이비드토이, 마이컬러랩과 함께 구성한 CIY체험단 강화",,,,,생활/문화,패션/뷰티,Naver
'2023 F/W 서울패션위크' 내달 15∼19일…홍보대사 '뉴진스',,,,,생활/문화,패션/뷰티,Naver
"천만 서울의 새 얼굴 '뉴진스', 서울패션위크 홍보대사 맡는다",,,,,생활/문화,패션/뷰티,Naver
"센트프로, 인테리어 스마트 실내방향제 ‘스탠디’ 체험단 3월 13일까지 모집",,,,,생활/문화,패션/뷰티,Naver
신라면세점 니치 향수 전용 퍼퓸바 연다,,,,,생활/문화,패션/뷰티,Naver
패션업계 매출 '신명품'이 이끌어... 새 브랜드 발굴 총력,,,,,생활/문화,패션/뷰티,Naver
"애경산업, 지진피해 튀르키예에 8억원 상당 생필품 지원",,,,,생활/문화,패션/뷰티,Naver
"스필버그 ""유대인인 내가 독일서 수상, 의미 있어""",,,,,생활/문화,패션/뷰티,Naver
"스필버그, 베를린 영화제서 평생 공로상 받아",,,,,생활/문화,패션/뷰티,Naver
"배리(BARRIE), 신세계백화점 센텀시티점 매장 오픈",,,,,생활/문화,패션/뷰티,Naver
‘짝퉁’에 민감한 루이비통…자사 광고엔 미술작품 무단 사용?,,,,,생활/문화,패션/뷰티,Naver
"신라免, 인터넷 '리퀴드 퍼퓸바' 오픈…니치향수 집중 선봬",,,,,생활/문화,패션/뷰티,Naver
"롯데홈쇼핑, 인기 뷰티 브랜드 기획전···최대 25% 할인 혜택",,,,,생활/문화,패션/뷰티,Naver
"오설록, 티하우스 현대미술관점 리뉴얼 오픈",,,,,생활/문화,패션/뷰티,Naver
‘짝퉁’에 단호한 루이비통…허락 안 받고 광고에 미술 작품 사용,,,,,생활/문화,패션/뷰티,Naver
'MZ는 한물 갔다'…'잘파세대' 공략하는 패션·뷰티업계,,,,,생활/문화,패션/뷰티,Naver
봄은 산뜻한 데님으로 온다,,,,,생활/문화,패션/뷰티,Naver
배 나온 3040 아재들도 '패피' 될 수 있다…'이것'만 안다면,,,,,생활/문화,패션/뷰티,Naver
"애경산업, 주주친화 경영 강화…ESG경영 가속화",,,,,생활/문화,패션/뷰티,Naver
[정지원의 피부 이야기] 피부관리 연령대 별로 다르다,,,,,생활/문화,패션/뷰티,Naver
“청소년 51% 현금 안 가지고 다녀” 형지엘리트 설문,,,,,생활/문화,패션/뷰티,Naver
"올리브영, 시스템 오류로 고객정보 노출 …""현재 조치 완료""",,,,,생활/문화,패션/뷰티,Naver
"참존, 봄철 항산화 케어 ‘참인셀 리추얼 5종’ 롯데홈쇼핑서 특별 기획 마련",,,,,생활/문화,패션/뷰티,Naver
개장 2년만에 8000만명 방문...2030 성지로 불린다는 곳,,,,,생활/문화,패션/뷰티,Naver
"휠라, '테니스 헤리티지' 팝업 오픈…새 컬렉션 단독 공개",,,,,생활/문화,패션/뷰티,Naver
"앳홈 로봇청소기 ‘클리엔T24’, 국내 최초 사용환경 맞춤 앱 설정서비스 제공",,,,,생활/문화,패션/뷰티,Naver
"빨간 아톰 부츠, SNS 달궜다…“45만원, 몇 분만에 다 팔려”",,,,,생활/문화,패션/뷰티,Naver
"코렐브랜드, 피너츠와 협업해  ‘2023 서울디자인리빙페어’ 참가",,,,,생활/문화,패션/뷰티,Naver
"에코백스, 고객 체험 확대 위한 오프라인 판매 네트워크 확장 본격화",,,,,생활/문화,패션/뷰티,Naver
"CJ올리브영, 1만명 개인정보 노출…내부 시스템 오류",,,,,생활/문화,패션/뷰티,Naver
"""로그인했는데 다른 이름이…"" CJ올리브영, 개인정보 1만명 유출",,,,,생활/문화,패션/뷰티,Naver
"에이피알, 지진 피해 튀르키예·시리아에 긴급구호성금 전달",,,,,생활/문화,패션/뷰티,Naver
"종근당건강, 비건 염색샴푸 '아미노비오틴 퀵블랙 염색샴푸 플러스' 출시",,,,,생활/문화,패션/뷰티,Naver
저 푸른 필드에서 돋보이는 법,,,,,생활/문화,패션/뷰티,Naver
"CJ올리브영, 시스템 오류로 개인정보 1만명 노출",,,,,생활/문화,패션/뷰티,Naver
"카카오스타일, 소상공인 온라인 진출 공로로 중기부 장관 표창",,,,,생활/문화,패션/뷰티,Naver
"머스트잇, 2월 주목 신명품 '자크뮈스' 선정",,,,,생활/문화,패션/뷰티,Naver
"“내로남불”…루이뷔통, 현대미술 거장 작품 무단사용 논란",,,,,생활/문화,패션/뷰티,Naver
"프랑스 에스테틱 ‘기노’, 롱그비 멀티-액션플러스 안티에이징 세럼 론칭",,,,,생활/문화,패션/뷰티,Naver
"동국제약 센텔리안24, 스팟 케어 신제품 '레디클리어 패치' 선봬",,,,,생활/문화,패션/뷰티,Naver
"에이블리, 1월 쇼핑몰 거래액 200% '쑥'…""성장 지원·빠른 배송 주효""",,,,,생활/문화,패션/뷰티,Naver
"휠라, 분더샵 청담에 ‘테니스 헤리티지’ 팝업 오픈",,,,,생활/문화,패션/뷰티,Naver
"무신사, SS 프레젠테이션 공개…42개 브랜드와 시즌 스타일 제안",,,,,생활/문화,패션/뷰티,Naver
소상공인 온라인 진출 도운 '지그재그' 중기부 장관 표창,,,,,생활/문화,패션/뷰티,Naver
"엔데믹에 결혼식 돌아온다…현대백화점, 봄 맞이 웨딩 페어",,,,,생활/문화,패션/뷰티,Naver
"신세계인터 화장품 기술혁신센터, 세계적 학술지 표지논문 선정",,,,,생활/문화,패션/뷰티,Naver
"머리부터 발끝까지 ‘블링블링’, 새학기 대전",,,,,생활/문화,패션/뷰티,Naver
"한진, 지난해 패션 물량 1천700만 박스 운송…31% 증가",,,,,생활/문화,패션/뷰티,Naver
"신세계인터 화장품 기술혁신센터, 국제 학술지 표지 장식",,,,,생활/문화,패션/뷰티,Naver
"""청소년 절반, 현금 안 가지고 다녀…실물카드 사용""",,,,,생활/문화,패션/뷰티,Naver
"에스티코(STCO), 배우 최현욱과 함께한 23 S/S 화보 공개",,,,,생활/문화,패션/뷰티,Naver
"주크(ZOOC), 쯔위와 함께 한 ‘The Air Composition’ 공개",,,,,생활/문화,패션/뷰티,Naver
"신세계인터, 화장품 기술혁신센터 세계적 학술지 표지논문 선정",,,,,생활/문화,패션/뷰티,Naver
아톰 신발? 빨간 장화신은 고양이? SNS서 핫하다는 ‘빅 레드 부츠’ 가격은?,,,,,생활/문화,패션/뷰티,Naver
"삼성물산 ‘플랜씨’, 첫 골프 캡슐컬렉션",,,,,생활/문화,패션/뷰티,Naver
"론칭 20주년 ‘슈콤마보니’, 충성고객 + MZ 다 잡는다",,,,,생활/문화,패션/뷰티,Naver
"다시, 봄…계절에 맞춰 입어봄, 신어봄",,,,,생활/문화,패션/뷰티,Naver
"BYC, 튀르키예·시리아 이재민 위한 물품 기부",,,,,생활/문화,패션/뷰티,Naver
롯데온 “직매입 명품 72시간 동안 최대 55% 할인”,,,,,생활/문화,패션/뷰티,Naver
"BYC, 튀르키예와 시리아 이재민들 위한 물품 기부",,,,,생활/문화,패션/뷰티,Naver
"프로스펙스, 부산 신세계 센텀시티점에 '오리지널스포츠' 1호점 문 열어",,,,,생활/문화,패션/뷰티,Naver
"삼성물산 패션 르베이지, 봄여름 시즌 캠페인 영상 공개",,,,,생활/문화,패션/뷰티,Naver
,,,,,생활/문화,패션/뷰티,Naver
"효성티앤씨, 내달 2일 PID행사서…옥수수 추출물로 만든 바이오 스판덱스 등 선보여",,,,,생활/문화,패션/뷰티,Naver
"블랙야크 키즈, 브랜드 앰버서더 하준우 선수 발탁",,,,,생활/문화,패션/뷰티,Naver
위스키 사러 식전 댓바람부터 줄서겠네…맥칼란 등 3000병 풀린다,,,,,생활/문화,패션/뷰티,Naver
‘패션의 이해’ 문가영 봄 스타일링 엿보기,,,,,생활/문화,패션/뷰티,Naver
"효성티앤씨, 대구국제섬유박람회에서 친환경 원단 선보여",,,,,생활/문화,패션/뷰티,Naver
"신세계라이브쇼핑, 프리미엄 패션PB에 힘준다",,,,,생활/문화,패션/뷰티,Naver
"“가격 또 오르나요?”…콧대 높은 샤넬, 올해도 ‘3월 인상설’",,,,,생활/문화,패션/뷰티,Naver
"코오롱FnC 엘로드, 브랜드 리뉴얼…프리미엄 전략 본격화",,,,,생활/문화,패션/뷰티,Naver
"현대백화점, 베이비 디올 매장 선보여",,,,,생활/문화,패션/뷰티,Naver
"현대백화점, '디올의 아동복 라인이 나왔어요'",,,,,생활/문화,패션/뷰티,Naver
"현대百 압구정본점, 아동 매장 '베이비 디올' 오픈",,,,,생활/문화,패션/뷰티,Naver
"[패션뉴스] 마르헨제이, 사과 가죽으로 만드는 공예 클래스 열어",,,,,생활/문화,패션/뷰티,Naver
파타고니아 ‘350g 경량 미드레이어’ 출시… 리사이클 신소재 사용,,,,,생활/문화,패션/뷰티,Naver
"BYC, 튀르키예·시리아에 겨울 내의 등 물품 기부",,,,,생활/문화,패션/뷰티,Naver
"왕서방, 한국에 깃발 꽂나…중국기업에 뺏길 판인 이것은",,,,,생활/문화,패션/뷰티,Naver
"블랙핑크 지수 파워… 보그 프랑스 웹사이트 다운, 800만원대 드레스도 완판",,,,,생활/문화,패션/뷰티,Naver
반려동물 옷에 캐시미어…명품 펫웨어 뜬다,,,,,생활/문화,패션/뷰티,Naver
“내 새끼 입히는데 천금도 안 아까워”…반려동물 고가 의류 인기라는데,,,,,생활/문화,패션/뷰티,Naver
마스크와 헤어질 결심…먹고 바르는 대신 ‘패치형’ 뜬다는데,,,,,생활/문화,패션/뷰티,Naver
'미용의료기기를 만나다',,,,,생활/문화,패션/뷰티,Naver
'미용의료기기의 신세계',,,,,생활/문화,패션/뷰티,Naver
'다양한 종류의 미용의료기기를 만나다',,,,,생활/문화,패션/뷰티,Naver
관람객들로 붐비는 미용의료기기 박람회,,,,,생활/문화,패션/뷰티,Naver
'다양한 종류의 미용의료기기들',,,,,생활/문화,패션/뷰티,Naver
다양한 종류의 미용의료기기들,,,,,생활/문화,패션/뷰티,Naver
'한 자리에 모인 미용의료기기',,,,,생활/문화,패션/뷰티,Naver
'피부 분석 통해',,,,,생활/문화,패션/뷰티,Naver
대한미용성형레이저의학회 미용의료기기 박람회,,,,,생활/문화,패션/뷰티,Naver
'다양한 종류의 미용의료기기가 한 자리에',,,,,생활/문화,패션/뷰티,Naver
'미용의료기기 박람회',,,,,생활/문화,패션/뷰티,Naver
미용의료기기 박람회,,,,,생활/문화,패션/뷰티,Naver
"'내 피부 타입 분석, 어떻게?'",,,,,생활/문화,패션/뷰티,Naver
'내 피부 타입은?',,,,,생활/문화,패션/뷰티,Naver
‘오운완’을 빛내는 패션 아이템,,,,,생활/문화,패션/뷰티,Naver
,,,,,생활/문화,패션/뷰티,Naver
"발란, 작년 총 거래액 6800억원…전년대비 2배↑",,,,,생활/문화,패션/뷰티,Naver
[60초 뉴스] MZ세대 다음은 '잘파'세대?,,,,,생활/문화,패션/뷰티,Naver
"손흥민, 올해도 CK 언더웨어와 함께",,,,,생활/문화,패션/뷰티,Naver
"한국콜마, 지난해 영업익 733억원…전년비 13%↓",,,,,생활/문화,패션/뷰티,Naver
명품플랫폼 발란 점유율 45% 1위,,,,,생활/문화,패션/뷰티,Naver
"패션업계, 오픈마켓 의존도 확 줄인다",,,,,생활/문화,패션/뷰티,Naver
"BYN블랙야크그룹, 대한민국 컬링 국가대표팀 후원",,,,,생활/문화,패션/뷰티,Naver
패션업계 오픈마켓 줄이고 온라인 직접판매 ‘올인’,,,,,생활/문화,패션/뷰티,Naver
"명품플랫폼 발란 거래액 6800억, 지난해 점유율 45%로 1위 달성",,,,,생활/문화,패션/뷰티,Naver
"닥터포헤어, 장윤정과 취약계층 노인 위한 샴푸 기부",,,,,생활/문화,패션/뷰티,Naver
"유사나헬스사이언스, 셀라비브 데일리 UV 프로텍티브 크림 출시",,,,,생활/문화,패션/뷰티,Naver
"유사나, 봄철 피부 관리 ‘셀라비브 UV 프로텍티브 크림’ 출시",,,,,생활/문화,패션/뷰티,Naver
"인스코비, 색조 뷰티 브랜드 ‘코랄헤이즈’ 공식 론칭",,,,,생활/문화,패션/뷰티,Naver
"성별, 나이, 체형 무관 편하게 입는 '아이코닉 니트' 출시",,,,,생활/문화,패션/뷰티,Naver
"[단독] 불법 판매에 칼 빼든 머스트잇, 판매자 정책 강화한다",,,,,생활/문화,패션/뷰티,Naver
"[단독] 키엘, 내달부터 가격 오른다…화장품값 인상 도미노",,,,,생활/문화,패션/뷰티,Naver
"번개장터 ""올해 MZ세대 패션 트렌드 키워드는 'M.U.S.E.'""",,,,,생활/문화,패션/뷰티,Naver
영화 '에브리씽' SAG 앙상블상 등 4개 부문 석권,,,,,생활/문화,패션/뷰티,Naver
영화 '에브리씽' SAG 여우주연상 등 4개 부문 수상,,,,,생활/문화,패션/뷰티,Naver
SAG 수상 소감 말하는 양자경,,,,,생활/문화,패션/뷰티,Naver
"양자경, SAG 여우주연상 수상",,,,,생활/문화,패션/뷰티,Naver
제29회 SAG 여우주연상에 양자경,,,,,생활/문화,패션/뷰티,Naver
"5년 만에 돌아온 도심 속 순백의 만찬, 디네앙 블랑",,,,,생활/문화,패션/뷰티,Naver
설화수 윤조에센스 6세대 모델 출시,,,,,생활/문화,패션/뷰티,Naver
"휠라코리아, 공식 온라인 스토어 전면 리뉴얼 오픈",,,,,생활/문화,패션/뷰티,Naver
"발란, 지난해 거래액 6800억원 달성…전년比 2배 성장",,,,,생활/문화,패션/뷰티,Naver
"발란, 지난해 총 거래액 6800억원…1년새 2배 성장",,,,,생활/문화,패션/뷰티,Naver
"인스코비, 색조 브랜드 '코랄헤이즈' 공식 론칭",,,,,생활/문화,패션/뷰티,Naver
엔데믹 후 첫 입학식 앞두고 신학기 관련 상품 인기,,,,,생활/문화,패션/뷰티,Naver
"설화수, 스테디셀러 '윤조에센스' 6세대 출시",,,,,생활/문화,패션/뷰티,Naver
,,,,,생활/문화,패션/뷰티,Naver
"유니클로 신사점, 비주얼 아티스트 아방 작가와 두번째 미니 갤러리 오픈",,,,,생활/문화,패션/뷰티,Naver
"‘마리엔메이, 선케어 신제품 4종 출시…“선케어 라인업 강화’",,,,,생활/문화,패션/뷰티,Naver
“정용진 백종원 공통점은”…인스타 마케팅 1타강사가 말하는 비법,,,,,생활/문화,패션/뷰티,Naver
"발란, 지난해 거래액 6800억원…“명품 플랫폼업계 1위”",,,,,생활/문화,패션/뷰티,Naver
“남자도 가방이 좋다” 로운의 프레피룩에서 슈트까지,,,,,생활/문화,패션/뷰티,Naver
“틈새시장 잡아라”…새 먹거리 찾아 나선 패션 대기업들,,,,,생활/문화,패션/뷰티,Naver
"""한국 들여올 패션 브랜드 추천해줘""…챗GPT 대답은?",,,,,생활/문화,패션/뷰티,Naver
"""예물로 '샤넬백 + 티파니 반지' 2천만원…품절이라 다행?"" [안혜원의 명품의세계]",,,,,생활/문화,패션/뷰티,Naver
,,,,,생활/문화,패션/뷰티,Naver
‘더현대 서울’ 벌써 2년…코덕 위한 ‘메가 코스메틱 페어’ 연다,,,,,생활/문화,패션/뷰티,Naver
화장품 책임판매 관리자 경력요건 완화…화장품법 시행규칙 개정,,,,,생활/문화,패션/뷰티,Naver
"거세지는 테니스붐…패션업계 ""테린이 잡아라""",,,,,생활/문화,패션/뷰티,Naver
인천공항 면세점 '쩐의 전쟁' 대기업 4사와 中CDFG 참여,,,,,생활/문화,패션/뷰티,Naver
"화장품업체 비엔, 카리스엔코·동국제약과 日·글로벌 진출 MOU",,,,,생활/문화,패션/뷰티,Naver
“아름다운 한국의 美 홍보”…5월 ‘구찌 경복궁 패션쇼’ 다시 개최,,,,,생활/문화,패션/뷰티,Naver
"유진로봇, 연간 흑자 전환… 로봇사업부 기준 최대 실적 달성",,,,,생활/문화,패션/뷰티,Naver
“골프해보니 돈이 쑥쑥 나가네”...김대리가 새로 산 것은,,,,,생활/문화,패션/뷰티,Naver
"“한국 중국, 제대로 붙는다”...인천공항 면세점 차지할 기업은",,,,,생활/문화,패션/뷰티,Naver
"NBA, SS 시즌 브랜드 뮤즈로 세븐틴 조슈아 발탁",,,,,생활/문화,패션/뷰티,Naver
젠틀몬스터 X 메종 마르지엘라 팝업스토어에 로운·한혜진 방문,,,,,생활/문화,패션/뷰티,Naver
"다시 돌아온 '색조 화장품 전성시대'…롯데 광주, 립스틱 페어",,,,,생활/문화,패션/뷰티,Naver
"코오롱FnC, 스포츠 브랜드 ‘헤드’ 3년만에 리론칭",,,,,생활/문화,패션/뷰티,Naver
"트렌비, 패션 뷰티 크리에이터 유리아와 '드레스룸 컬렉션' 캠페인",,,,,생활/문화,패션/뷰티,Naver
"아디다스, '유대인 혐오' 카녜이 협업제품 6천억대 재고로 골치",,,,,생활/문화,패션/뷰티,Naver
"PBG 갤러리, 전속 작가 청신 개인전 ‘BLACK NEON’ 오픈",,,,,생활/문화,패션/뷰티,Naver
이태원 참사로 중단된 '구찌 경복궁 패션쇼' 5월에 열린다,,,,,생활/문화,패션/뷰티,Naver
"BYC, 오마이걸 아린과 전속모델 재계약…4년째 인연",,,,,생활/문화,패션/뷰티,Naver
"“베꼈잖아” LG생건, 또 패소…대법원은 토니모리 손 들어줬다 [언박싱]",,,,,생활/문화,패션/뷰티,Naver
"화장품 브랜드 이지포뮬라, 1년 연구 끝에 리얼콜라겐 워킹팩 선보여 [포토]",,,,,생활/문화,패션/뷰티,Naver
"화장품브랜드 이지포뮬라, '효과 강한 클린 뷰티'라는 슬로건으로 '이지포뮬라' 런칭해 [포토]",,,,,생활/문화,패션/뷰티,Naver
"코스메틱브랜드 이지포뮬라, 여성의 피부에는 리얼콜라겐 워킹팩이 최고! [포토]",,,,,생활/문화,패션/뷰티,Naver
"이지포뮬라 연구원, 여성들이 반할 '인체모사' 콜라겐을 만들었답니다! [포토]",,,,,생활/문화,패션/뷰티,Naver
"이지포뮬라, 비건 인증 '인체모사 콜라겐' 출시해 [포토]",,,,,생활/문화,패션/뷰티,Naver
"친환경 코스메틱 브랜드 이지포뮬라, 국내 최초로 비건 인증 인체모사콜라겐 화장품 런칭해",,,,,생활/문화,패션/뷰티,Naver
"헤라, 네 명의 아티스트와 '실키, 언리미티드' 캠페인 전개",,,,,생활/문화,패션/뷰티,Naver
"오마이걸 아린, BYC 전속모델 재계약…‘여성 소비자 선호도 꾸준히 ↑’",,,,,생활/문화,패션/뷰티,Naver
"휠라 그룹, 튀르키예·시리아에 15억원 상당 방한 의류 긴급 지원",,,,,생활/문화,패션/뷰티,Naver
"이지포뮬라, 비건 인증 '인체모사 콜라겐' 화장품 론칭",,,,,생활/문화,패션/뷰티,Naver
"이지포뮬라, ‘인체모사 콜라겐’ 출시",,,,,생활/문화,패션/뷰티,Naver
'비건 인증' 인체모사 콜라겐 화장품을 소개합니다,,,,,생활/문화,패션/뷰티,Naver
"이지포뮬라, 인체모사 콜라겐 화장품 론칭",,,,,생활/문화,패션/뷰티,Naver
"이지포뮬라, 비건 인증 인체모사 콜라겐 화장품 론칭",,,,,생활/문화,패션/뷰티,Naver
"피에이치하비, 신제품 '시카세븐 선크림' 무기자차 출시",,,,,생활/문화,패션/뷰티,Naver
"코오롱FnC, 스포츠 브랜드 '헤드' 3년만에 리론칭",,,,,생활/문화,패션/뷰티,Naver
골프 못지 않은 테니스 열풍...코오롱fnc도 ‘헤드’ 힘준다,,,,,생활/문화,패션/뷰티,Naver
"헤라, 네 명의 아티스트와 '실키, 언리미티드' 캠페인",,,,,생활/문화,패션/뷰티,Naver
헬스케어 라운지 ‘바디프랜드 라운지’에서 건강한 휴식하세요,,,,,생활/문화,패션/뷰티,Naver
"테팔, ‘여행지 맛있는 추억 나누면 남프랑스 항공권 쏜다’",,,,,생활/문화,패션/뷰티,Naver
“우리애 입학식 패션 못 참지”…백화점 아동 명품 ‘불티’,,,,,생활/문화,패션/뷰티,Naver
"""샤넬 가격 올리자마자 700만원이던 중고 가방이…"" 한숨 [오정민의 유통한입]",,,,,생활/문화,패션/뷰티,Naver
비싸게 주고 산만큼 손빨래 하는게 좋다고?...올바른 패딩 세탁법은,,,,,생활/문화,패션/뷰티,Naver
"브라이틀링, 내비타이머 B01 코리아 리미티드 에디션 출시",,,,,생활/문화,패션/뷰티,Naver
"브그즈트랩, 압도적인 중고 거래 1위 스니커즈는 ‘범고래’",,,,,생활/문화,패션/뷰티,Naver
천재 디자이너 떠난 빈자리…루이비통은 '그래미 스타'로 채웠다,,,,,생활/문화,패션/뷰티,Naver
"BYC, 회장 유산 둘러싸고 1천억원대 소송",,,,,생활/문화,패션/뷰티,Naver
패션 전문성 강화하자 백화점 온라인몰 떴다,,,,,생활/문화,패션/뷰티,Naver
뷰티도 대박 친 마뗑킴...'마지두마뗑' 팝업스토어 성료,,,,,생활/문화,패션/뷰티,Naver
"KCC글라스 홈씨씨 인테리어,  호텔·병원 등 상업용 바닥재시장 공략",,,,,생활/문화,패션/뷰티,Naver
"권진아 더씨앤엠 대표 “청담동 신사옥 시대, 패션·뷰티 콘텐츠 제작 경쟁력 강화 기대해”",,,,,생활/문화,패션/뷰티,Naver
"마뗑킴, 뷰티 브랜드 마지두마뗑 팝업 스토어 성료",,,,,생활/문화,패션/뷰티,Naver
"방탄소년단 RM, 보테가 베네타 2023 겨울 컬렉션 패션쇼 참석",,,,,생활/문화,패션/뷰티,Naver
3개월 만에 또 올렸다…샤넬 '플랩백' 1500만원 육박,,,,,생활/문화,패션/뷰티,Naver
"“1년에 딱 한 번” … 쿠팡, 스니커즈 80% 할인전",,,,,생활/문화,패션/뷰티,Naver
"배우 이나영, '로로피아나 23 FW 컬렉션' 참석",,,,,생활/문화,패션/뷰티,Naver
"샤넬 플랩백 미디엄 값, 코로나 전 2배…3개월만에 또 가격인상",,,,,생활/문화,패션/뷰티,Naver
"콜마그룹, 지진피해 튀크키예·시리아 긴급 지원 동참",,,,,생활/문화,패션/뷰티,Naver
"트와이스, 2023 빌보드 위민 인 뮤직 어워드 참석",,,,,생활/문화,패션/뷰티,Naver
디자인 배운 적 없는데…루이비통이 점 찍은 새 디자이너,,,,,생활/문화,패션/뷰티,Naver
"지도에 동해를 ‘일본해’로?…롤렉스, 홈페이지 표기 논란",,,,,생활/문화,패션/뷰티,Naver
"비비안, 걸그룹 앨리스 뮤즈로 발탁…""창립 이래 첫 아이돌""",,,,,생활/문화,패션/뷰티,Naver
문상민 ‘버커루’ 23SS 시즌 새 얼굴[공식],,,,,생활/문화,패션/뷰티,Naver
"마뗑킴 뷰티 브랜드 마지두마뗑, 팝업 스토어 성료…""색조 라인업 확장""",,,,,생활/문화,패션/뷰티,Naver
"하룻밤 새 70만원 ‘껑충’…샤넬, 올해 첫 가격인상",,,,,생활/문화,패션/뷰티,Naver
"첫 엔데믹 개학에…에이블리, 샥출발 2월 거래액 220% '쑥'",,,,,생활/문화,패션/뷰티,Naver
"황재익 LF 트라이씨클 신임 대표 ""웹 3.0시대 리딩 브랜드로 도약""",,,,,생활/문화,패션/뷰티,Naver
하와이 건강 여신 유이가 선택한 신발은?,,,,,생활/문화,패션/뷰티,Naver
"[패션뉴스] 프로젝트엠, MZ세대 겨냥…트렌디한 감성의 NEW 라인 론칭",,,,,생활/문화,패션/뷰티,Naver
뉴진스도 3월 신입사원...출근룩 무얼 입었을까,,,,,생활/문화,패션/뷰티,Naver
"애경산업 루나, 中 틱톡에 단독 브랜드관 오픈…""온라인 채널 다변화""",,,,,생활/문화,패션/뷰티,Naver
"로로피아나, 2023 가을 겨울 컬렉션 공개… 배우 이나영 참석",,,,,생활/문화,패션/뷰티,Naver
"콜마그룹, 지진피해 튀르키예·시리아 긴급 지원 동참",,,,,생활/문화,패션/뷰티,Naver
"로이드밤 헤어, 2023 올해의 헤어컬러 '올리그린(OLLY Green)' 선보여",,,,,생활/문화,패션/뷰티,Naver
"세라젬, 동작구와 ‘시니어 라이프 플랫폼 구축’ 시범사업 추진",,,,,생활/문화,패션/뷰티,Naver
"㈜인엠알, 컨실러와 쿠션이 결합된 ‘인뮤 포어레스 듀얼핏 에그쿠션’ 출시",,,,,생활/문화,패션/뷰티,Naver
"로얄코펜하겐, 블루 풀 레이스 2023 신제품 출시",,,,,생활/문화,패션/뷰티,Naver
"SK매직, ‘초슬림 제습기’ 출시∙∙∙“좁은 공간에 쏙”",,,,,생활/문화,패션/뷰티,Naver
“오빠들이랑 사진 찍으러 왔어요”...완전체 BTS가 뜬 이곳은,,,,,생활/문화,패션/뷰티,Naver
"교원 웰스,‘웰스 정수기 슈퍼쿨링 더뉴’ 출시",,,,,생활/문화,패션/뷰티,Naver
"에스팀 ‘캣워크 페스타’, DDP서 오늘 개막…5일까지",,,,,생활/문화,패션/뷰티,Naver
"유니클로, 봄맞이 주요 제품 특별 할인… “신학기 패션 스타일 제안”",,,,,생활/문화,패션/뷰티,Naver
"[영상] “영탁 옆에 다나카 와쏘, 에루샤 필요없어”…백화점, ‘덕질’하러 간다 [명품 이기는 팬심]",,,,,생활/문화,패션/뷰티,Naver
"“모에모에쿵이 ‘찐찐찐’이더라…다나카, DM 받더니 진짜 연락줬다” [명품 이기는 팬심]",,,,,생활/문화,패션/뷰티,Naver
"이제 16세 정동원, 고교 입학식에 수천만원대 고가 시계 착용 ‘눈길’",,,,,생활/문화,패션/뷰티,Naver
"위메프, 봄 뷰티 행사 진행…쿠폰·사은품 증정",,,,,생활/문화,패션/뷰티,Naver
"라타플랑, 더현대 서울 클린뷰티 편집숍 '비클린' 입점",,,,,생활/문화,패션/뷰티,Naver
"라타플랑, 더현대 서울 클린뷰티 전문 편집숍 비클린 입점",,,,,생활/문화,패션/뷰티,Naver
"설치 미술가 안태은 개인전 ‘Skin Morphosis’, 성수 미러드스피어갤러리서 개최",,,,,생활/문화,패션/뷰티,Naver
"코오롱FnC, 슈주·엑소·NCT 무대의상으로 재활용 티셔츠 만든다",,,,,생활/문화,패션/뷰티,Naver
"제로투세븐 궁중비책 프리뮨, 중국 영유아 화장품 위생허가 획득",,,,,생활/문화,패션/뷰티,Naver
"부스터즈, '이데넬 알텀 펩타이드 솔루션 크림' 광고 온에어",,,,,생활/문화,패션/뷰티,Naver
캣워크 페스타 개막,,,,,생활/문화,패션/뷰티,Naver
새로운 옷으로 재탄생한 NCT의 무대의상,,,,,생활/문화,패션/뷰티,Naver
새로운 옷으로 재탄생한 NCT의 무대의상,,,,,생활/문화,패션/뷰티,Naver
새로운 옷으로 재탄생한 NCT의 무대의상,,,,,생활/문화,패션/뷰티,Naver
새로운 옷으로 재탄생한 NCT의 무대의상,,,,,생활/문화,패션/뷰티,Naver
패션 전시 캣워크 페스타 개막,,,,,생활/문화,패션/뷰티,Naver
패션 전시 캣워크 페스타 개막,,,,,생활/문화,패션/뷰티,Naver
NCT가 입었던 티셔츠에 실크스크린 체험,,,,,생활/문화,패션/뷰티,Naver
캣워크 페스타 개막,,,,,생활/문화,패션/뷰티,Naver
캣워크 페스타 개막,,,,,생활/문화,패션/뷰티,Naver
업사이클링된 NCT 무대의상이 전시장에,,,,,생활/문화,패션/뷰티,Naver
손가락 하트 만드는 이현이,,,,,생활/문화,패션/뷰티,Naver
포토월 향하는 이현이,,,,,생활/문화,패션/뷰티,Naver
포토월 향하는 지현정,,,,,생활/문화,패션/뷰티,Naver
아이키 '복근 드러낸 패션',,,,,생활/문화,패션/뷰티,Naver
포토월 향하는 아이키,,,,,생활/문화,패션/뷰티,Naver
포토월 향하는 송해나,,,,,생활/문화,패션/뷰티,Naver
포토월 향하는 송해나,,,,,생활/문화,패션/뷰티,Naver
포토월 향하는 정혁,,,,,생활/문화,패션/뷰티,Naver
포토월 향하는 천진호,,,,,생활/문화,패션/뷰티,Naver
포즈 취하는 박재민,,,,,생활/문화,패션/뷰티,Naver
포토월 향하는 현우석,,,,,생활/문화,패션/뷰티,Naver
포토월 향하는 차수민,,,,,생활/문화,패션/뷰티,Naver
포즈 취하는 고소현,,,,,생활/문화,패션/뷰티,Naver
포토월 향하는 안아름,,,,,생활/문화,패션/뷰티,Naver
포토월 향하는 안나,,,,,생활/문화,패션/뷰티,Naver
박유리 '캣워크 페스타 왔어요',,,,,생활/문화,패션/뷰티,Naver
이사배 '캣워크 페스타 왔어요',,,,,생활/문화,패션/뷰티,Naver
"더 커져서 돌아왔다...12층 통째 쓰고, 수백평 매장 들어선 명동 상권",,,,,생활/문화,패션/뷰티,Naver
첫돌 '무신사 키즈' 거래액 3배 껑충,,,,,생활/문화,패션/뷰티,Naver
파리서도 빛난 현아의 감각,,,,,생활/문화,패션/뷰티,Naver
"진짜 설국을 만나다, 아오모리(靑森)",,,,,생활/문화,패션/뷰티,Naver
불혹 맞은 갤럭시 MZ세대 감성을 입다,,,,,생활/문화,패션/뷰티,Naver
"위시컴퍼니, 'K뷰티 글로벌 세미나' 개최…성공사례 공개",,,,,생활/문화,패션/뷰티,Naver
“옷은 입혀보고 사야지” 옛말…키즈 패션도 ‘온라인’ 대세네,,,,,생활/문화,패션/뷰티,Naver
"무신사 키즈, 런칭 1년 만에 거래액 3배 '쑥'",,,,,생활/문화,패션/뷰티,Naver
"여친이 더 꽂혔네…남성복의 수상한 변신, 무슨일 있었나",,,,,생활/문화,패션/뷰티,Naver
이름이 곧 브랜드…英 조향사 조 말론 코엑스서 팬 만난다,,,,,생활/문화,패션/뷰티,Naver
6개국 인플루언서와 함께 라네즈 '워터뱅크 초장벽' 캠페인,,,,,생활/문화,패션/뷰티,Naver
"갤럭시, 세계적 패션 브랜드 '강혁'과 새 컬렉션 선봬",,,,,생활/문화,패션/뷰티,Naver
아동복 시장 온라인으로 … 무신사 키즈 거래액 3배로 성장,,,,,생활/문화,패션/뷰티,Naver
"애경 치유비, 세계 여성의 날 맞아 위생용품 기부",,,,,생활/문화,패션/뷰티,Naver
"[패션뉴스] 지이크, 야구 국가대표팀 위한 수트 후원",,,,,생활/문화,패션/뷰티,Naver
패션계는 벌써 가을/겨울 시즌…파리패션쇼에서 눈길 끈 A/W 컬렉션은?,,,,,생활/문화,패션/뷰티,Naver
"CGV, 신학기 맞아 청소년 대상 이벤트 선보여",,,,,생활/문화,패션/뷰티,Naver
"효민, 한선화, 손연재의 상큼한 봄 스타일링 공통점은?",,,,,생활/문화,패션/뷰티,Naver
"보헤미안 럭셔리 브랜드 이자벨 마랑, ‘오스칸 문 백’ 론칭",,,,,생활/문화,패션/뷰티,Naver
"늘어난 내국인 잡는다…롯데면세점, ‘봄 마케팅’ 박차",,,,,생활/문화,패션/뷰티,Naver
"""샤넬 패션쇼 왔어요""",,,,,생활/문화,패션/뷰티,Naver
샤넬 컬렉션 도착한 박서준,,,,,생활/문화,패션/뷰티,Naver
샤넬 패션쇼 도착한 박서준,,,,,생활/문화,패션/뷰티,Naver
"유니베라,‘유니베라 활력엔 비타민B’ 출시",,,,,생활/문화,패션/뷰티,Naver
1시간만에 214억어치 판매...홈쇼핑업계 ‘제니’ 일냈다,,,,,생활/문화,패션/뷰티,Naver
"휠라홀딩스, 서스테이널리틱스서 '2023 ESG 우수기업' 선정",,,,,생활/문화,패션/뷰티,Naver
"배럴, 레드벨벳 ‘조이’ 전속 브랜드 모델로 PICK",,,,,생활/문화,패션/뷰티,Naver
"롯데홈쇼핑, ‘정쇼 불금 프라이데이’ 론칭…뷰티 편성 확대",,,,,생활/문화,패션/뷰티,Naver
“물 들어올 때 노 젓는다”…‘뷰티’에 힘주는 유통업계,,,,,생활/문화,패션/뷰티,Naver
"지그재그, 여성의 날 맞아 캠페인…5인의 유명인사 인터뷰 공개",,,,,생활/문화,패션/뷰티,Naver
유니클로 ‘사랑도 통역이 되나요’ 코폴라 감독… 협업 컬렉션 선봬,,,,,생활/문화,패션/뷰티,Naver
"무신사, 美 캐주얼 브랜드 ‘디스커스 애슬레틱’ 국내 첫 선",,,,,생활/문화,패션/뷰티,Naver
"“나를 나답게”…뮬라웨어, Z세대 겨냥 ‘MLWR 캡슐 컬렉션’ 공개",,,,,생활/문화,패션/뷰티,Naver
"무신사, 美캐주얼 브랜드 ‘디스커스 애슬레틱’ 국내 첫 론칭",,,,,생활/문화,패션/뷰티,Naver
"닥터지, 해외 모델로 그룹 샤이니 발탁…일본·베트남 공략",,,,,생활/문화,패션/뷰티,Naver
"광주신세계 ""봄 맞이 화장품 구매하세요""…19일까지 '코스메틱 페어'",,,,,생활/문화,패션/뷰티,Naver
'존 윅4' 런던 시사회장 도착한 키애누 리브스,,,,,생활/문화,패션/뷰티,Naver
'존 윅4' 시사회 도착해 인사하는 키애누 리브스,,,,,생활/문화,패션/뷰티,Naver
"'존 윅4' 영국 시사회, 포토타임 갖는 키애누 리브스",,,,,생활/문화,패션/뷰티,Naver
"신세계백화점, 봄맞이 코스메틱페어 연다",,,,,생활/문화,패션/뷰티,Naver
"모먼(MoMen), 프랑스 남부 휴양지 컨셉 23S/S 컬렉션 공개",,,,,생활/문화,패션/뷰티,Naver
"서울시, 서울패션위크 전용 전시관 운영",,,,,생활/문화,패션/뷰티,Naver
‘품절 대란’ 불러일으킨 최고심 콜라보 그릇..‘MZ맘 아는 MZ가 기획했죠’,,,,,생활/문화,패션/뷰티,Naver
"지그재그, ‘세계 여성의 날’ 캠페인…5인 인터뷰 공개",,,,,생활/문화,패션/뷰티,Naver
"""올봄 여성 패션 키워드 '유틸리티'…포켓·지퍼로 실용성 살려""",,,,,생활/문화,패션/뷰티,Naver
"로미스토리, 봄 야외 활동 위한 스타일링 공개",,,,,생활/문화,패션/뷰티,Naver
"유니클로, 영화감독 소피아 코폴라 작품 담은 티셔츠 출시",,,,,생활/문화,패션/뷰티,Naver
"LF몰, 챔피온 캠핑라인 국내 단독으로 선봬",,,,,생활/문화,패션/뷰티,Naver
"LG생활건강, 숨37° '마이크로액티브' 신규 라인 출시",,,,,생활/문화,패션/뷰티,Naver
"제니의 오피스룩, 어디 꺼?",,,,,생활/문화,패션/뷰티,Naver
국내 단독 '챔피온 캠핑라인' 판매하는 이곳,,,,,생활/문화,패션/뷰티,Naver
"유니클로, 영화감독 소피아 코폴라 UT 컬렉션 출시",,,,,생활/문화,패션/뷰티,Naver
"애경산업 포인트앤, '딥 클린 휩 클렌징 폼' 새롭게 선보여",,,,,생활/문화,패션/뷰티,Naver
"코스알엑스, AFTER MASK '네고 프로모션' 성료",,,,,생활/문화,패션/뷰티,Naver
숨37°신규 라인 '마이크로액티브' 출시,,,,,생활/문화,패션/뷰티,Naver
"데상트골프, 신제품 골프화 '데상트골프콘도르' 선봬",,,,,생활/문화,패션/뷰티,Naver
"스트릿 패션 플레이언, 크럼프 댄서 ‘벅키’와 콜라보 영상 공개",,,,,생활/문화,패션/뷰티,Naver
"산타마리아노벨라, 화이트데이 한정판 '프리지아' 향수 선물세트 출시",,,,,생활/문화,패션/뷰티,Naver
"닥터지, 해외 모델로 그룹 샤이니 발탁…일본·베트남 시장 공략 본격화",,,,,생활/문화,패션/뷰티,Naver
"무신사, 미국 캐주얼 브랜드 '디스커스 애슬레틱' 국내 첫 출시",,,,,생활/문화,패션/뷰티,Naver
해외패션 플랫폼 거듭난 ‘한섬 H패션몰’… “요즘 뜨는 아워레가시·토템·가니 등 입점”,,,,,생활/문화,패션/뷰티,Naver
"신원, 여성 근로자 위한 글로벌 협력단체 ‘RISE’ 합류",,,,,생활/문화,패션/뷰티,Naver
아모레퍼시픽 희망가게 500호점 돌파,,,,,생활/문화,패션/뷰티,Naver
"[포토] 던스트, 블랙핑크 지수 공식 앰버서더 선정",,,,,생활/문화,패션/뷰티,Naver
"한섬 ‘H패션몰’, 해외패션 전문 플랫폼으로 거듭난다",,,,,생활/문화,패션/뷰티,Naver
"이랜드 미쏘, 세계 여성의 날 맞아 'Find Your Mixology' 캠페인",,,,,생활/문화,패션/뷰티,Naver
"젠테, 2023 SS 시즌 패션 트렌드 공개",,,,,생활/문화,패션/뷰티,Naver
"락앤락, 튀르키예 지진 피해 지역에 구호 물품 지원",,,,,생활/문화,패션/뷰티,Naver
"ABC마트, 뉴진스와 나이키 '에어맥스 데이' 캠페인 진행",,,,,생활/문화,패션/뷰티,Naver
"[패션뉴스] 네로 지아르디니, 국내 1호점 오픈…“하이 퀄리티와 합리적 가격 어필할 것”",,,,,생활/문화,패션/뷰티,Naver
"“양말만 신고 나온줄”…알고보니 명품 가죽신발, 모양 어떻길래",,,,,생활/문화,패션/뷰티,Naver
아카이브볼드 팝업 … 일주일만에 매출 1억원 기록,,,,,생활/문화,패션/뷰티,Naver
한섬 ‘H패션몰’ 리뉴얼 오픈 … 해외패션 전문몰로 도약,,,,,생활/문화,패션/뷰티,Naver
"아티스트 메이크업 브랜드 매드피치, 론칭 행사 성료",,,,,생활/문화,패션/뷰티,Naver
"아모레퍼시픽 희망가게, 500호점 돌파",,,,,생활/문화,패션/뷰티,Naver
"한부모 여성 창업 돕는 희망가게, 500호점 돌파",,,,,생활/문화,패션/뷰티,Naver
"운동·바디프로필 열풍에…에이블리, 언더웨어 카테고리 인기 급증",,,,,생활/문화,패션/뷰티,Naver
"한섬, H패션몰 전면 개편…해외패션 전문 플랫폼 도약",,,,,생활/문화,패션/뷰티,Naver
‘속옷의 패션화’ 시대…MZ세대 온라인서 이것 산다는데,,,,,생활/문화,패션/뷰티,Naver
"아모레퍼시픽 희망가게, 500호점 돌파",,,,,생활/문화,패션/뷰티,Naver
명품백 25분 만에 '완판'…첫 방송서 대박 낸 쇼호스트 정체 [오정민의 유통한입],,,,,생활/문화,패션/뷰티,Naver
"“냄새 못 맡아 좌절”…조말론 창립자, 시련 뒤 론칭한 브랜드는",,,,,생활/문화,패션/뷰티,Naver
오빠가 사준 그 가방도?...‘짝퉁’ 유통 못하게 정부가 나선다,,,,,생활/문화,패션/뷰티,Naver
,,,,,생활/문화,패션/뷰티,Naver
[60초 뉴스]결혼식 축의금 얼마가 적당한가...“청첩장 형식도 중요”,,,,,생활/문화,패션/뷰티,Naver
"코스맥스, 지난해 영업익 530억원…전년比 56.7%↓",,,,,생활/문화,패션/뷰티,Naver
'짝퉁 방지법' 만드는 정부…오픈마켓에도 책임 묻는다,,,,,생활/문화,패션/뷰티,Naver
"강태선 BYN블랙야크 회장 ""글로벌 1위 ESG 아웃도어 목표""",,,,,생활/문화,패션/뷰티,Naver
평범해서 더 특별한 '유재석 패션'…게스트 돋보이게 만든 '슈퍼 노멀',,,,,생활/문화,패션/뷰티,Naver
구찌에 '삼선'이 웬 말?…파격적 색깔·문양으로 죽은 브랜드도 살린 패션 히피,,,,,생활/문화,패션/뷰티,Naver
"PBG갤러리, 이희조 작가 ‘공간의 기억’전 오픈",,,,,생활/문화,패션/뷰티,Naver
"에이피알, 뷰티 디바이스 누적 70만대 판매…1500억 매출 달성",,,,,생활/문화,패션/뷰티,Naver
"설화수, 뉴욕 메트로폴리탄 미술관과 파트너십 체결",,,,,생활/문화,패션/뷰티,Naver
"깨끗한나라, 건강한 순수한면 리뉴얼 출시",,,,,생활/문화,패션/뷰티,Naver
"골프, 라이프 한 번에 잡아볼까...2023 S/S시즌 골프 패션 트렌드는?",,,,,생활/문화,패션/뷰티,Naver
K-컬처 열풍 속에 K-스포츠 브랜드도 세계로...16일 론칭 '칼렉' 신호탄 쏜다,,,,,생활/문화,패션/뷰티,Naver
"29CM, 김무열·박규영과 OTT 플랫폼 패러디 기획전 '29박스' 실시",,,,,생활/문화,패션/뷰티,Naver
"80조 펨테크 시장 노린다…CJ올리브영, ‘W케어’ 서비스 론칭",,,,,생활/문화,패션/뷰티,Naver
"“화이트데이 기념” 방탄소년단, 세븐틴, TXT 초콜릿으로 만난다",,,,,생활/문화,패션/뷰티,Naver
"성큼 다가온 화이트데이, “사탕 말고 와인·명품·향수”",,,,,생활/문화,패션/뷰티,Naver
'머리부터 발끝까지 5만 원으로',,,,,생활/문화,패션/뷰티,Naver
'5만 원으로 풀 착장하세요',,,,,생활/문화,패션/뷰티,Naver
'5만 원으로 풀 착장하세요',,,,,생활/문화,패션/뷰티,Naver
알리익스프레스 패션쇼,,,,,생활/문화,패션/뷰티,Naver
'머리부터 발끝까지 5만 원으로',,,,,생활/문화,패션/뷰티,Naver
'머리부터 발끝까지 5만 원으로',,,,,생활/문화,패션/뷰티,Naver
5만 원으로 완성한 패션,,,,,생활/문화,패션/뷰티,Naver
알리익스프레스 패션쇼,,,,,생활/문화,패션/뷰티,Naver
"“등산복과 일상복 사이”…CJ온스타일, ‘고프코어’ 힘준다",,,,,생활/문화,패션/뷰티,Naver
설화수가 뉴욕 메트로폴리탄 미술관과 손잡은 까닭,,,,,생활/문화,패션/뷰티,Naver
"삼성물산 패션, 온·오프라인서 '23 SS 브랜드 데이' 진행",,,,,생활/문화,패션/뷰티,Naver
"스튜디오 톰보이, 명품 플랫폼 ‘파페치’ 입점…해외시장 공략",,,,,생활/문화,패션/뷰티,Naver
발 흔들림 최소화로 더 편안한 하이킹화 등장,,,,,생활/문화,패션/뷰티,Naver
"스튜디오 톰보이, 글로벌 럭셔리 패션 플랫폼 '파페치' 입점",,,,,생활/문화,패션/뷰티,Naver
"설화수, 美뉴욕 메트로폴리탄 미술관과 파트너십 체결",,,,,생활/문화,패션/뷰티,Naver
"스튜디오 톰보이, 글로벌 럭셔리 패션플랫폼 ‘파페치’ 입점",,,,,생활/문화,패션/뷰티,Naver
"코리아모빌리티, 역삼륜 전동킥바이크 개발  “전동킥보드와 전기 자전거가 하나로”",,,,,생활/문화,패션/뷰티,Naver
"SK매직, 얼음 정수기 때아닌 특수∙∙∙겨울철 판매량 전년比 30% 상승",,,,,생활/문화,패션/뷰티,Naver
"올리브영, 'W케어 서비스' 론칭…펨테크 시장 공략 가속화",,,,,생활/문화,패션/뷰티,Naver
"BYN블랙야크, 창립 50주년 기념식…“글로벌 넘버원 아웃도어그룹 될것”",,,,,생활/문화,패션/뷰티,Naver
"""불매운동 신경 안 써요""…분위기 확 달라진 유니클로 매장 [현장+]",,,,,생활/문화,패션/뷰티,Naver
"“김대리, 옷이 그게 뭐야”…“등산복이 어때서요”",,,,,생활/문화,패션/뷰티,Naver
“이 커플룩 어때?”…MZ세대가 옷 선물할 때 애용하는 방법 [언박싱],,,,,생활/문화,패션/뷰티,Naver
패션코드 개최… 패션디자이너브랜드 제품 판매 '코드마켓' 11일 선봬,,,,,생활/문화,패션/뷰티,Naver
“인기 줄어든 거 아녔어?”…봄 맞아 골퍼 공략하는 유통가,,,,,생활/문화,패션/뷰티,Naver
“여자라서 더 비싸다고요?”...가격 차별 논란의 ‘핑크택스’,,,,,생활/문화,패션/뷰티,Naver
버질 아블로 유작 쇼카 '프로젝트 마이바흐' 국내 전시,,,,,생활/문화,패션/뷰티,Naver
버질 아블로 유작 쇼카 '프로젝트 마이바흐' 국내 전시,,,,,생활/문화,패션/뷰티,Naver
버질 아블로 유작 쇼카 '프로젝트 마이바흐' 국내 전시된다,,,,,생활/문화,패션/뷰티,Naver
"코오롱FnC 골든베어, 론칭 2주년…편견 없앤 차별화 전략 가속화",,,,,생활/문화,패션/뷰티,Naver
"[아이돌 의상, 무대 그 후①] 스포트라이트 끝엔 면할 수 없는 창고행",,,,,생활/문화,패션/뷰티,Naver
"올 봄 패션은 화사하게, 화려하게",,,,,생활/문화,패션/뷰티,Naver
"쿠첸, 자사 공식 쇼핑몰 ‘쿠첸몰’ 지난해 매출 전년 대비 85% 증가",,,,,생활/문화,패션/뷰티,Naver
"SAMG엔터, 10년만의 신작 로봇 액션물…‘메탈카드봇’ 29일 첫 방송",,,,,생활/문화,패션/뷰티,Naver
,,,,,생활/문화,패션/뷰티,Naver
"아모레퍼시픽 메디안·젠티스트, 신제품 출시",,,,,생활/문화,패션/뷰티,Naver
"서경배 회장, 지난해 연봉 38억7500만원 수령…전년比 11.5% ↓",,,,,생활/문화,패션/뷰티,Naver
"뉴욕 활동 장문정 디자이너, 2023 F/W뉴욕 패션위크 빛냈다",,,,,생활/문화,패션/뷰티,Naver
마스크 벗자 패션 플랫폼 '뷰티' 더 크게 웃었다,,,,,생활/문화,패션/뷰티,Naver
"신세계면세점, K-뷰티 라인업 강화…‘리오프닝’ 후 첫봄 맞을 준비",,,,,생활/문화,패션/뷰티,Naver
“한국 명품족 잡아야”…패션쇼 서울서 먼저 여는 이유,,,,,생활/문화,패션/뷰티,Naver
"“연진아, 옷발은 네가 이겼어”…‘더 글로리2’ 열풍에 패션도 화제",,,,,생활/문화,패션/뷰티,Naver
“지갑 닫힌다고? 끄떡없다”…‘K-길거리 패션’ 해외서 승승장구 [언박싱],,,,,생활/문화,패션/뷰티,Naver
"휠라, ‘BNP 파리바 오픈’ 선수 착용 컬렉션 국내 출시",,,,,생활/문화,패션/뷰티,Naver
"""헌옷이라도 싸면 사요"" 중고옷 거래 플랫폼 확산",,,,,생활/문화,패션/뷰티,Naver
“소문 내지마”…패션피플끼리만 주고받는 ‘그 리스트’,,,,,생활/문화,패션/뷰티,Naver
"현대백화점, 목동점에 ‘MZ 전문관’ 연다",,,,,생활/문화,패션/뷰티,Naver
"""박은빈·아이유처럼"" MZ 열광…불티나게 팔린 제품",,,,,생활/문화,패션/뷰티,Naver
레드카펫? 이젠 ‘샴페인카펫’…62년만 바뀐 아카데미 풍경,,,,,생활/문화,패션/뷰티,Naver
"대니얼스 ""떨어뜨리면 안 돼""",,,,,생활/문화,패션/뷰티,Naver
영화 '에에올' 제95회 오스카 작품상 등 7관왕,,,,,생활/문화,패션/뷰티,Naver
현대백화점 목동점 별관에 MZ전문관 개장,,,,,생활/문화,패션/뷰티,Naver
설화수 새 모델에 할리우드 배우 '틸다 스윈튼',,,,,생활/문화,패션/뷰티,Naver
"메디투윈, 건조하고 가려운 피부를 위한 '가르가즘' 출시",,,,,생활/문화,패션/뷰티,Naver
"NBA키즈, 공식 서포터즈 '느바 루키 2023' 출범",,,,,생활/문화,패션/뷰티,Naver
"쿠팡, ‘뷰티 어워즈 기획 세트’ 출시… 50% 할인",,,,,생활/문화,패션/뷰티,Naver
"로로피아나, 2023 SS시즌 맞아 다양한 컬러의 '베일백' 출시",,,,,생활/문화,패션/뷰티,Naver
"로로피아나, ‘로로피아나 일가 영감’ 2023SS 베일백 소개",,,,,생활/문화,패션/뷰티,Naver
오스카 작품상 수상 소감 말하는 조나단 왕,,,,,생활/문화,패션/뷰티,Naver
영화 '에에올' 제95회 오스카 최우수 작품상 영예,,,,,생활/문화,패션/뷰티,Naver
최우수 작품상 발표하는 해리슨 포드,,,,,생활/문화,패션/뷰티,Naver
남우주연상 수상 소감 말하는 브랜던 프레이저,,,,,생활/문화,패션/뷰티,Naver
오스카 남우주연상 바라보는 브랜던 프레이저,,,,,생활/문화,패션/뷰티,Naver
"브랜던 프레이저, 제95회 오스카 남우주연상",,,,,생활/문화,패션/뷰티,Naver
'남우주연상' 눈물 글썽이는 브랜던 프레이저,,,,,생활/문화,패션/뷰티,Naver
'대니얼스' 스필버그 등 제치고 오스카 품어,,,,,생활/문화,패션/뷰티,Naver
대니얼 콴 감독 축하하는 양자경,,,,,생활/문화,패션/뷰티,Naver
대니얼 쉐너이트 감독 축하하는 양자경,,,,,생활/문화,패션/뷰티,Naver
'대니얼스' 제95회 오스카 감독상 수상,,,,,생활/문화,패션/뷰티,Naver
"양자경, 제95회 오스카 여우주연상 수상",,,,,생활/문화,패션/뷰티,Naver
"양자경, 아시아계 최초로 오스카 여우주연상 수상",,,,,생활/문화,패션/뷰티,Naver
"양자경, 아시아계 배우 최초 오스카 여우주연상",,,,,생활/문화,패션/뷰티,Naver
“어쩐지 거리서 많이 보이더라”...패피들 사이 빠지지 않는 이것,,,,,생활/문화,패션/뷰티,Naver
"'블랙 팬서"" 와칸다 포에버' 주제곡 부르는 만삭 리한나",,,,,생활/문화,패션/뷰티,Naver
만삭의 몸으로 오스카 시상식 공연하는 리한나,,,,,생활/문화,패션/뷰티,Naver
"엠제이부티끄, 법무보호복지공단에 마스크 기부",,,,,생활/문화,패션/뷰티,Naver
'소년과 두더지와 여우와 말' 단편 애니메이션상,,,,,생활/문화,패션/뷰티,Naver
"오스카 시상식, D라인 드러낸 리한나",,,,,생활/문화,패션/뷰티,Naver
오스카 시상식 'D라인' 공개한 리한나,,,,,생활/문화,패션/뷰티,Naver
'탑건: 매버릭' 주제곡 부르는 레이디 가가,,,,,생활/문화,패션/뷰티,Naver
'홀드 마이 핸드' 부르는 레이디 가가,,,,,생활/문화,패션/뷰티,Naver
"디자이너 박종익, 유튜브서 2023/2024 FW 가상 런웨이 진행",,,,,생활/문화,패션/뷰티,Naver
“이 재킷 사지 마세요” 파타고니아가 지구를 아끼는 방법,,,,,생활/문화,패션/뷰티,Naver
"헤드폰 열풍에…에이블리, 음향기기 거래액 3.3배 '쑥'",,,,,생활/문화,패션/뷰티,Naver
아카데미에 ‘레드 카펫’이 사라졌다?,,,,,생활/문화,패션/뷰티,Naver
오스카 시상식 공연 소개하는 견자단,,,,,생활/문화,패션/뷰티,Naver
"견자단, 논란 끝 오스카 시상식 도착",,,,,생활/문화,패션/뷰티,Naver
"29CM, 브랜드 캠페인 '취향까지 29CM' 전개…여성 패션 강화",,,,,생활/문화,패션/뷰티,Naver
"락앤락, 2023 상반기 ‘락페스타’ 진행",,,,,생활/문화,패션/뷰티,Naver
"코스맥스바이오 개발 ‘토종 수국 건기식’, 국립농업박물관서 전시",,,,,생활/문화,패션/뷰티,Naver
"양조위, 제16회 아시안필름 어워드 남우주연상",,,,,생활/문화,패션/뷰티,Naver
"양조위, 아시안필름 어워드 남우주연상 수상",,,,,생활/문화,패션/뷰티,Naver
"모닝글로리, 모꿈이 서포터즈 24기 50명 모집",,,,,생활/문화,패션/뷰티,Naver
"스킨푸드, 청정 지리산 도토리 추출물 담은 '도토리 라인' 3종 출시",,,,,생활/문화,패션/뷰티,Naver
"연우, SK케미칼과 친환경 화장품 용기 시장 선점 나선다",,,,,생활/문화,패션/뷰티,Naver
양자경 축하 받는 제이미 리 커티스,,,,,생활/문화,패션/뷰티,Naver
"오야니, 새 뮤즈 ‘배우 연우’ 화보 공개",,,,,생활/문화,패션/뷰티,Naver
"제이미 리 커티스, 제95회 오스카 여우조연상",,,,,생활/문화,패션/뷰티,Naver
'여우조연상' 눈물 흘리는 제이미 리 커티스,,,,,생활/문화,패션/뷰티,Naver
수상 소감 말하는 제이미 리 커티스,,,,,생활/문화,패션/뷰티,Naver
"테팔, 무선청소기 에어포스 360 라이트 아쿠아 할인판매",,,,,생활/문화,패션/뷰티,Naver
아시안 필름 어워드 도착한 지창욱,,,,,생활/문화,패션/뷰티,Naver
"""남우조연상은 나야 나""",,,,,생활/문화,패션/뷰티,Naver
늘 유쾌한 표정의 키 호이 콴,,,,,생활/문화,패션/뷰티,Naver
"키 호이 콴, 오스카 남우조연상",,,,,생활/문화,패션/뷰티,Naver
남우조연상 받고 눈물 흘리는 키 호이 콴,,,,,생활/문화,패션/뷰티,Naver
"설국열차 그 배우, 설화수 신규 글로벌 앰버서더 됐다",,,,,생활/문화,패션/뷰티,Naver
"스킨푸드, 청정 지리산 도토리 추출물 담은 '도토리 라인' 3종 출시",,,,,생활/문화,패션/뷰티,Naver
"네이처리퍼블릭, '비타페어C 비타민C 25앰플' 출시",,,,,생활/문화,패션/뷰티,Naver
"아모레 설화수, 신규 글로벌 앰버서더 틸다 스윈튼 선정",,,,,생활/문화,패션/뷰티,Naver
포토타임 갖는 유력 여우주연상 후보 케이트 블란쳇,,,,,생활/문화,패션/뷰티,Naver
오스카 시상식 도착한 케이브 블란쳇,,,,,생활/문화,패션/뷰티,Naver
"미샤, 트와이스 사나 앰버서더 선정…글로벌 시장 공략 강화",,,,,생활/문화,패션/뷰티,Naver
"코스맥스바이오 개발한 '토종 수국 건기식', 국립농업박물관 전시",,,,,생활/문화,패션/뷰티,Naver
오스카 시상식 도착한 스테파니 수,,,,,생활/문화,패션/뷰티,Naver
드레스 자태 뽐내는 스테파니 수,,,,,생활/문화,패션/뷰티,Naver
"GS샵, '에이지투웨니스' 플로라에디션 론칭 방송",,,,,생활/문화,패션/뷰티,Naver
여우주연상 유력 후보 양자경,,,,,생활/문화,패션/뷰티,Naver
오스카 시상식 도착한 양자경,,,,,생활/문화,패션/뷰티,Naver
여우주연상 도전하는 양자경,,,,,생활/문화,패션/뷰티,Naver
“아! 딱 그게 필요했어” 1500만 펫팸족 솔깃하게 한 그것,,,,,생활/문화,패션/뷰티,Naver
한방 화장품은 결국 갈색병?…아모레 LG생건도 비슷,,,,,생활/문화,패션/뷰티,Naver
[부고] 최병오(패션그룹형지 회장)씨 모친상,,,,,생활/문화,패션/뷰티,Naver
김희선·유재석이 광고하더니…몸값 7000억 대박 난 회사,,,,,생활/문화,패션/뷰티,Naver
"롯데온, 오는 15일 ‘우리 아이 봄 코디’ 라이브 방송",,,,,생활/문화,패션/뷰티,Naver
"“중국산 골프화를 국산이라고”…공정위, 데상트코리아에 시정명령",,,,,생활/문화,패션/뷰티,Naver
양자경 여우주연상 축하하는 쿠알라룸푸르 거리,,,,,생활/문화,패션/뷰티,Naver
4050 주부들 사이 입소문 나더니...몸값 7천억 찍은 이 회사,,,,,생활/문화,패션/뷰티,Naver
노마스크에 뷰티 수요 껑충…컬리 메이크업 매출 전년比 4배로,,,,,생활/문화,패션/뷰티,Naver
"에이피알, 80억 규모 프리IPO 투자 유치…“기업가치 7000억 인정”",,,,,생활/문화,패션/뷰티,Naver
'서울패션위크' 15일 개막…홍보대사 뉴진스가 개막 포토콜,,,,,생활/문화,패션/뷰티,Naver
'서울패션위크' 15일 개막…31개 브랜드 참여,,,,,생활/문화,패션/뷰티,Naver
"무신사, 내달 신당동에 '무신사 스튜디오' 5호점 오픈",,,,,생활/문화,패션/뷰티,Naver
메트로시티(METROCITY) 체험형 팝업 행사 진행,,,,,생활/문화,패션/뷰티,Naver
"CJ그룹 알짜 올리브영, 제일제당보다 이익률 높았다",,,,,생활/문화,패션/뷰티,Naver
"‘명품뷰티’ 통했다…뷰티컬리 “메이크업 매출, 전년 4배 성장”",,,,,생활/문화,패션/뷰티,Naver
"아티스트 마리킴, 메타버스 서비스 프로듀서 변신",,,,,생활/문화,패션/뷰티,Naver
"에이피알, 80억 프리IPO 유치…기업가치 7000억 인정",,,,,생활/문화,패션/뷰티,Naver
무신사 스튜디오 5호점 신당동에 연다,,,,,생활/문화,패션/뷰티,Naver
"무신사, 신당동에 공유 오피스 '무신사 스튜디오' 개점",,,,,생활/문화,패션/뷰티,Naver
"'억만장자♥' 셀마 헤이엑, 26년 전 입은 옷 딸 물려줘…미모 깜짝",,,,,생활/문화,패션/뷰티,Naver
"""여성들만 운동하나""…남성 레깅스 '거침없이' 팔린다 [오정민의 유통한입]",,,,,생활/문화,패션/뷰티,Naver
[포토] '서울패션위크에서 멋지게 미소 짓는 오신환 부시장',,,,,생활/문화,패션/뷰티,Naver
[포토] '2023 F/W 서울패션위크' 찾은 오신환 부시장,,,,,생활/문화,패션/뷰티,Naver
<에밀리 파리에 가다> ‘엘피’ 루시엔 라비스카운트의 파격 코르셋 룩,,,,,생활/문화,패션/뷰티,Naver
"지그재그, '직진배송' 확대…""낮 2시까지 주문 시 당일 도착""",,,,,생활/문화,패션/뷰티,Naver
"2023 하이서울패션쇼 개막, K-패션의 미래 만난다",,,,,생활/문화,패션/뷰티,Naver
"[견물생심] “머슬핏 아세요?”…한컬렉션 맨즈 패스트패션, 반팔 니트티 인기 이유",,,,,생활/문화,패션/뷰티,Naver
"아모레퍼시픽, 매칭 기프트 통해 1억3천여만원 기부",,,,,생활/문화,패션/뷰티,Naver
"패션쇼 여전히 마른 모델 일색…""플러스사이즈 1%도 안돼""",,,,,생활/문화,패션/뷰티,Naver
"CGV, 풍성한 굿즈로 영화의 감동 이어간다",,,,,생활/문화,패션/뷰티,Naver
올 봄엔 90년대 ‘청청패션’?,,,,,생활/문화,패션/뷰티,Naver
"이재진 웅진씽크빅 대표, “자체 플랫폼에 생성형 AI접목해 기술적 한계 돌파하겠다”",,,,,생활/문화,패션/뷰티,Naver
개성있는 패션의 향연,,,,,생활/문화,패션/뷰티,Naver
'딸과 함께하는 패션쇼',,,,,생활/문화,패션/뷰티,Naver
서울패션위크 LIE 패션쇼,,,,,생활/문화,패션/뷰티,Naver
런웨이 걷는 모델들,,,,,생활/문화,패션/뷰티,Naver
런웨이 걷는 모델들,,,,,생활/문화,패션/뷰티,Naver
서울패션위크 개막,,,,,생활/문화,패션/뷰티,Naver
서울패션위크 개막,,,,,생활/문화,패션/뷰티,Naver
서울패션위크 개막,,,,,생활/문화,패션/뷰티,Naver
서울패션위크 LIE 패션쇼,,,,,생활/문화,패션/뷰티,Naver
서울패션위크 LIE 패션쇼,,,,,생활/문화,패션/뷰티,Naver
서울패션위크 LIE 패션쇼,,,,,생활/문화,패션/뷰티,Naver
딸과 함께 런웨이 걷는 바다,,,,,생활/문화,패션/뷰티,Naver
바다 '딸과 함께 걷는 런웨이',,,,,생활/문화,패션/뷰티,Naver
바다 '딸과 함께 걷는 런웨이',,,,,생활/문화,패션/뷰티,Naver
서울패션위크 개막,,,,,생활/문화,패션/뷰티,Naver
런웨이 걷는 모델들,,,,,생활/문화,패션/뷰티,Naver
[포토] 2023 하이서울패션쇼 개막,,,,,생활/문화,패션/뷰티,Naver
‘2023 하이서울패션쇼’ 개막···17일까지 12차례 SHOW,,,,,생활/문화,패션/뷰티,Naver
"듀스 이현도 ""듀스 30주년 기념 반스와 협업, 김성재도 흐뭇해 할 것""",,,,,생활/문화,패션/뷰티,Naver
,,,,,생활/문화,패션/뷰티,Naver
,,,,,생활/문화,패션/뷰티,Naver
,,,,,생활/문화,패션/뷰티,Naver
,,,,,생활/문화,패션/뷰티,Naver
,,,,,생활/문화,패션/뷰티,Naver
,,,,,생활/문화,패션/뷰티,Naver
,,,,,생활/문화,패션/뷰티,Naver
,,,,,생활/문화,패션/뷰티,Naver
,,,,,생활/문화,패션/뷰티,Naver
,,,,,생활/문화,패션/뷰티,Naver
,,,,,생활/문화,패션/뷰티,Naver
"라엘, 오아시스마켓 입점…새벽배송 서비스 제공",,,,,생활/문화,패션/뷰티,Naver
,,,,,생활/문화,패션/뷰티,Naver
,,,,,생활/문화,패션/뷰티,Naver
,,,,,생활/문화,패션/뷰티,Naver
,,,,,생활/문화,패션/뷰티,Naver
,,,,,생활/문화,패션/뷰티,Naver
,,,,,생활/문화,패션/뷰티,Naver
,,,,,생활/문화,패션/뷰티,Naver
,,,,,생활/문화,패션/뷰티,Naver
,,,,,생활/문화,패션/뷰티,Naver
,,,,,생활/문화,패션/뷰티,Naver
,,,,,생활/문화,패션/뷰티,Naver
,,,,,생활/문화,패션/뷰티,Naver
,,,,,생활/문화,패션/뷰티,Naver
,,,,,생활/문화,패션/뷰티,Naver
,,,,,생활/문화,패션/뷰티,Naver
,,,,,생활/문화,패션/뷰티,Naver
,,,,,생활/문화,패션/뷰티,Naver
,,,,,생활/문화,패션/뷰티,Naver
[포토] 2023 하이서울패션쇼 개막,,,,,생활/문화,패션/뷰티,Naver
"“세계 최대라더니”...‘뷰티공룡’ 세포라, 여의도점 문 닫는다",,,,,생활/문화,패션/뷰티,Naver
"""봄 되니 남자들도 꽂혔다""…'꾸꾸족' 열풍에 매출 폭증",,,,,생활/문화,패션/뷰티,Naver
한국외대 지역특화 청년무역전문가 사업단 17기 발대식 개최,,,,,생활/문화,패션/뷰티,Naver
"잔나비 최정훈, 봄은 어디에나 있다[화보]",,,,,생활/문화,패션/뷰티,Naver
"[정지원의 피부 이야기] 늙음 상징, 팔자주름 고치면 ‘팔자’ 고쳐진다고?",,,,,생활/문화,패션/뷰티,Naver
"설인아, 비건 패션 ‘마르헨제이’ 화보 촬영",,,,,생활/문화,패션/뷰티,Naver
"GS샵, ‘벤시몽’ 론칭…캐주얼 브랜드로 MZ 고객 정조준",,,,,생활/문화,패션/뷰티,Naver
"자라, 서울대 의류학과와 패션 인재 양성 산학협력",,,,,생활/문화,패션/뷰티,Naver
"쿠쿠, 인스퓨어 에어서큘레이터 신제품 출시",,,,,생활/문화,패션/뷰티,Naver
"봄바람 불자 의류 매출 늘었다…유통업계, 패션 위크 행사",,,,,생활/문화,패션/뷰티,Naver
"토니모리, 오늘부터 '비건 위크' 프로모션…세부퍼시픽 항공권 응모도",,,,,생활/문화,패션/뷰티,Naver
모나미X엘라고 ‘153 블라썸 애플펜슬2 케이스’ 출시,,,,,생활/문화,패션/뷰티,Naver
"""낮 2시 전에 주문하면 오늘 도착""…지그재그, 직진배송 확대",,,,,생활/문화,패션/뷰티,Naver
,,,,,생활/문화,패션/뷰티,Naver
"아모레퍼시픽, 매칭 기프트 통해 1억3000만원 기부",,,,,생활/문화,패션/뷰티,Naver
"실크테라피, '실크테라피 본드 앤 리페어 헤어 에센스' 출시",,,,,생활/문화,패션/뷰티,Naver
"인스턴트펑크, 2023 SS 2차 컬렉션 출시",,,,,생활/문화,패션/뷰티,Naver
하의실종 패션은 약과였네…명품브랜드 강타한 '노팬츠룩',,,,,생활/문화,패션/뷰티,Naver
,,,,,생활/문화,패션/뷰티,Naver
,,,,,생활/문화,패션/뷰티,Naver
얼굴에 광채 꽃… 에이지투웨니스 팩트 봄 에디션,,,,,생활/문화,패션/뷰티,Naver
"수지, 숨37°새 모델로 발탁…“브랜드와 모습 닮아”",,,,,생활/문화,패션/뷰티,Naver
[영상] ‘업사이클링 패션의 도발’ ‘트와이스 청치마’…이 브랜드를 주목! [2023 F/W 서울패션위크],,,,,생활/문화,패션/뷰티,Naver
[영상] 스트리트와 하이엔드의 공존…‘K-패션 세대교체’ 알렸다 [2023 F/W 서울패션위크],,,,,생활/문화,패션/뷰티,Naver
,,,,,생활/문화,패션/뷰티,Naver
기억의 영혼…Perfume,,,,,생활/문화,패션/뷰티,Naver
샤넬 시그니처 흰 카멜리아…사실은 향기 없는 꽃이랍니다,,,,,생활/문화,패션/뷰티,Naver
내 취향 찾아서 작곡하듯 1시간 열공,,,,,생활/문화,패션/뷰티,Naver
좋은 향기는 추억의 잔상까지 소환한다,,,,,생활/문화,패션/뷰티,Naver
알리익스프레스가 꼽은 올해 대세 상품은?,,,,,생활/문화,패션/뷰티,Naver
"LG생활건강, 숨37° 새 모델에 배우 수지 발탁",,,,,생활/문화,패션/뷰티,Naver
자라 ‘스튜디오 컬렉션’ 봄빛이 내렸어요,,,,,생활/문화,패션/뷰티,Naver
"50개 중 6개는 '행방불명', 찾는 순간 440억원 '돈방석'…세계에서 가장 비싼 '달걀'",,,,,생활/문화,패션/뷰티,Naver
우아한 공작의 날개로 시간을…'시계의 오스카상' 2연속 수상,,,,,생활/문화,패션/뷰티,Naver
"신세계인터 보브, '브이 스포츠' 론칭…애슬레저 시장 공략",,,,,생활/문화,패션/뷰티,Naver
[포토]2023 SS/FW 하이서울패션쇼 '드마크' 런웨이,,,,,생활/문화,패션/뷰티,Naver
[포토]멋진 워킹 선보이는 모델들,,,,,생활/문화,패션/뷰티,Naver
[포토]2023 패션 트렌드는?,,,,,생활/문화,패션/뷰티,Naver
[포토]드마크 패션쇼 개최,,,,,생활/문화,패션/뷰티,Naver
[포토]2023 SS/FW 하이서울패션쇼,,,,,생활/문화,패션/뷰티,Naver
[포토]'집중',,,,,생활/문화,패션/뷰티,Naver
[포토]'MZ 스타일',,,,,생활/문화,패션/뷰티,Naver
[포토]런웨이 빛내는 모델,,,,,생활/문화,패션/뷰티,Naver
[포토]멋진 워킹 선보이는 모델들,,,,,생활/문화,패션/뷰티,Naver
[포토]'당당하게',,,,,생활/문화,패션/뷰티,Naver
[포토]'자유 도전 창조',,,,,생활/문화,패션/뷰티,Naver
[포토]드마크 패션쇼,,,,,생활/문화,패션/뷰티,Naver
"한진, 서울패션위크서 해외물류 상담데스크 운영",,,,,생활/문화,패션/뷰티,Naver
"룰루레몬 벽 높았나...토종 레깅스 회사, 美시장 판매 일시 중단",,,,,생활/문화,패션/뷰티,Naver
"LG생활건강, 울산 '꿀벌의 공원' 조성…생물다양성 보전 활동 본격",,,,,생활/문화,패션/뷰티,Naver
"20대처럼 건강한 피부 유지하는 법은? ""연령별 안티에이징 관리 필수""",,,,,생활/문화,패션/뷰티,Naver
"ABC마트 스페리, '플레져스'와 컬래버 슈즈 컬렉션 출시",,,,,생활/문화,패션/뷰티,Naver
지드래곤 ‘살아있다’,,,,,생활/문화,패션/뷰티,Naver
"이부진, 호텔신라 주총 패션…우아한 블랙 룩+골드 포인트 '눈길'",,,,,생활/문화,패션/뷰티,Naver
"프로스펙스, ‘우리의 레이스는 끝나지 않았다’ 발간…17일 온라인 판매",,,,,생활/문화,패션/뷰티,Naver
"“하루 한 병 마시면 체지방 감소 도움” 아모레, 마시는 다이어트 건기식 출시",,,,,생활/문화,패션/뷰티,Naver
'꿀벌의 공원' 만들고 생물다양성 보전 활동 나선 이 회사,,,,,생활/문화,패션/뷰티,Naver
"W컨셉, 오프라인 매장 오픈 1주년…65개 브랜드 매출 30% '쑥'",,,,,생활/문화,패션/뷰티,Naver
"주얼리 브랜드 까롯(KAROT), 롯데백화점 팝업스토어 오픈",,,,,생활/문화,패션/뷰티,Naver
"W컨셉, 오프라인 매장 1주년…65개 브랜드 매출 30%↑",,,,,생활/문화,패션/뷰티,Naver
"바이탈뷰티, 집중공략 다이어트 '메타그린 부스터샷 7일' 출시",,,,,생활/문화,패션/뷰티,Naver
"번개장터 ""MZ는 중고패션 좋아해…브랜드 팔로워 4명 중 3명꼴""",,,,,생활/문화,패션/뷰티,Naver
"LF 마에스트로, 시그니처 스토어 오픈…청바지도 맞춤 제작",,,,,생활/문화,패션/뷰티,Naver
"LG생활건강, 숨37° 새 모델에 배우 수지 발탁",,,,,생활/문화,패션/뷰티,Naver
"글로웍스, 명주실로 만든 ‘필리 앰플 패드’ 홈쇼핑에서 선보인다",,,,,생활/문화,패션/뷰티,Naver
"컬러그램, 신제품 3종 라인업 공개···전속 모델로 슈화 발탁",,,,,생활/문화,패션/뷰티,Naver
"한 편의 누아르, BTS 뷔",,,,,생활/문화,패션/뷰티,Naver
"신세계인터 보브, 스포츠 라인 출시…애슬레저 시장 공략",,,,,생활/문화,패션/뷰티,Naver
간절기 ‘국민템’ 트렌치코트로 돋보이는 코디법,,,,,생활/문화,패션/뷰티,Naver
"컬러그램, 러브모먼트 컬렉션 출시 및 슈화 전속 모델로 발탁",,,,,생활/문화,패션/뷰티,Naver
‘복수는 끝났다’ 우아한 송혜교,,,,,생활/문화,패션/뷰티,Naver
꽃 일러스트 담은 봄 에디션 AGE20's 팩트 출시,,,,,생활/문화,패션/뷰티,Naver
신세계 날개 단 W컨셉...백화점 입점 후 매출 30% 늘었다,,,,,생활/문화,패션/뷰티,Naver
"신세계사이먼 프리미엄 아울렛, ‘골프 페어’…신규 브랜드 대거 오픈",,,,,생활/문화,패션/뷰티,Naver
"아시아나항공, 폐유니폼 활용한 파우치 출시",,,,,생활/문화,패션/뷰티,Naver
"아시아나항공, 폐유니폼 활용한 파우치 출시",,,,,생활/문화,패션/뷰티,Naver
"에이블리, 디지털콘텐츠 전용 포인트 도입한다",,,,,생활/문화,패션/뷰티,Naver
